model,conflict_scope,metric,value,ci_low,ci_high
decision_tree,pooled,cv_mcc_mean,0.8343,0.8134,0.8466
decision_tree,pooled,f1,0.8681,0.8593,0.8765
decision_tree,pooled,mcc,0.801,0.7874,0.8136
decision_tree,pooled,pr_auc,0.7137,0.6975,0.7291
keras_nn,pooled,cv_mcc_mean,0.8125,0.7883,0.8446
keras_nn,pooled,f1,0.8994,0.891,0.9074
keras_nn,pooled,mcc,0.8583,0.8468,0.869
keras_nn,pooled,pr_auc,0.9313,0.9212,0.9412
linear_svm,pooled,cv_mcc_mean,0.8547,0.8125,0.8804
linear_svm,pooled,f1,0.9077,0.8995,0.9153
linear_svm,pooled,mcc,0.8728,0.8626,0.8828
linear_svm,pooled,pr_auc,0.9586,0.9495,0.9676
logistic_regression,pooled,cv_mcc_mean,0.8337,0.7926,0.8648
logistic_regression,pooled,f1,0.891,0.8822,0.8992
logistic_regression,pooled,mcc,0.8468,0.8353,0.858
logistic_regression,pooled,pr_auc,0.9403,0.9309,0.9506
most_frequent,pooled,cv_mcc_mean,0.0,0.0,0.0
most_frequent,pooled,f1,0.4983,0.4983,0.4983
most_frequent,pooled,mcc,0.0,0.0,0.0
most_frequent,pooled,pr_auc,0.3319,0.3319,0.3319
random_forest,pooled,cv_mcc_mean,0.8633,0.8443,0.874
random_forest,pooled,f1,0.9128,0.9046,0.9202
random_forest,pooled,mcc,0.879,0.8686,0.8887
random_forest,pooled,pr_auc,0.9752,0.9707,0.9793
decision_tree,priority_inversion,cv_mcc_mean,0.8688,0.8239,0.9358
decision_tree,priority_inversion,f1,0.9941,0.9921,0.9959
decision_tree,priority_inversion,mcc,0.8622,0.8108,0.9068
decision_tree,priority_inversion,pr_auc,0.9929,0.9895,0.9959
keras_nn,priority_inversion,cv_mcc_mean,0.7223,0.4058,0.9275
keras_nn,priority_inversion,f1,0.9935,0.9915,0.9955
keras_nn,priority_inversion,mcc,0.8472,0.7946,0.8971
keras_nn,priority_inversion,pr_auc,0.9943,0.9919,0.9966
linear_svm,priority_inversion,cv_mcc_mean,0.8663,0.8277,0.9275
linear_svm,priority_inversion,f1,0.9929,0.9908,0.9951
linear_svm,priority_inversion,mcc,0.833,0.78,0.8872
linear_svm,priority_inversion,pr_auc,0.9935,0.9906,0.9962
logistic_regression,priority_inversion,cv_mcc_mean,0.8663,0.8277,0.9275
logistic_regression,priority_inversion,f1,0.9929,0.9908,0.9951
logistic_regression,priority_inversion,mcc,0.833,0.78,0.8872
logistic_regression,priority_inversion,pr_auc,0.9934,0.9904,0.9961
most_frequent,priority_inversion,cv_mcc_mean,0.0,0.0,0.0
most_frequent,priority_inversion,f1,0.9766,0.9766,0.9766
most_frequent,priority_inversion,mcc,0.0,0.0,0.0
most_frequent,priority_inversion,pr_auc,0.9543,0.9543,0.9543
random_forest,priority_inversion,cv_mcc_mean,0.8678,0.8239,0.9358
random_forest,priority_inversion,f1,0.9941,0.9921,0.9959
random_forest,priority_inversion,mcc,0.8622,0.8108,0.9068
random_forest,priority_inversion,pr_auc,0.9929,0.9894,0.9959
decision_tree,resource_contention,cv_mcc_mean,0.3445,0.0,0.6214
decision_tree,resource_contention,f1,0.5014,0.46,0.5416
decision_tree,resource_contention,mcc,0.4665,0.4229,0.5097
decision_tree,resource_contention,pr_auc,0.2832,0.2466,0.3225
keras_nn,resource_contention,cv_mcc_mean,0.6485,0.5617,0.7266
keras_nn,resource_contention,f1,0.4632,0.4231,0.4988
keras_nn,resource_contention,mcc,0.4258,0.3826,0.4654
keras_nn,resource_contention,pr_auc,0.4031,0.3702,0.4429
linear_svm,resource_contention,cv_mcc_mean,0.6893,0.6595,0.7211
linear_svm,resource_contention,f1,0.5004,0.4734,0.5264
linear_svm,resource_contention,mcc,0.4929,0.4611,0.5227
linear_svm,resource_contention,pr_auc,0.315,0.2927,0.3438
logistic_regression,resource_contention,cv_mcc_mean,0.6824,0.639,0.7211
logistic_regression,resource_contention,f1,0.3925,0.3545,0.4298
logistic_regression,resource_contention,mcc,0.3485,0.3067,0.3893
logistic_regression,resource_contention,pr_auc,0.3358,0.3093,0.3678
most_frequent,resource_contention,cv_mcc_mean,0.0,0.0,0.0
most_frequent,resource_contention,f1,0.1213,0.1213,0.1213
most_frequent,resource_contention,mcc,0.0,0.0,0.0
most_frequent,resource_contention,pr_auc,0.0646,0.0646,0.0646
random_forest,resource_contention,cv_mcc_mean,0.6764,0.6051,0.739
random_forest,resource_contention,f1,0.6008,0.5739,0.628
random_forest,resource_contention,mcc,0.5999,0.5722,0.6295
random_forest,resource_contention,pr_auc,0.6749,0.6312,0.7241
decision_tree,scheduling_violation,cv_mcc_mean,0.1299,0.08,0.1757
decision_tree,scheduling_violation,f1,0.2574,0.2222,0.2914
decision_tree,scheduling_violation,mcc,-0.0181,-0.0956,0.0572
decision_tree,scheduling_violation,pr_auc,0.1652,0.1539,0.1797
keras_nn,scheduling_violation,cv_mcc_mean,0.2425,0.1683,0.3112
keras_nn,scheduling_violation,f1,0.1705,0.082,0.2667
keras_nn,scheduling_violation,mcc,0.2387,0.1328,0.339
keras_nn,scheduling_violation,pr_auc,0.3622,0.2925,0.4438
linear_svm,scheduling_violation,cv_mcc_mean,0.2561,0.1678,0.3331
linear_svm,scheduling_violation,f1,0.2897,0.2886,0.2915
linear_svm,scheduling_violation,mcc,0.0345,0.0172,0.052
linear_svm,scheduling_violation,pr_auc,0.3174,0.2572,0.3942
logistic_regression,scheduling_violation,cv_mcc_mean,0.2573,0.1678,0.3331
logistic_regression,scheduling_violation,f1,0.2826,0.2656,0.2985
logistic_regression,scheduling_violation,mcc,-0.005,-0.0836,0.0699
logistic_regression,scheduling_violation,pr_auc,0.268,0.2052,0.3446
most_frequent,scheduling_violation,cv_mcc_mean,0.0,0.0,0.0
most_frequent,scheduling_violation,f1,0.2882,0.2882,0.2882
most_frequent,scheduling_violation,mcc,0.0,0.0,0.0
most_frequent,scheduling_violation,pr_auc,0.1684,0.1684,0.1684
random_forest,scheduling_violation,cv_mcc_mean,0.2538,0.1764,0.3142
random_forest,scheduling_violation,f1,0.2842,0.2703,0.2964
random_forest,scheduling_violation,mcc,-0.0036,-0.0786,0.0644
random_forest,scheduling_violation,pr_auc,0.3174,0.2433,0.4019
