id,category,dataset,item,evidence_or_rationale,source,applies_to_rq,status,next_step
V01,Failure Definition,Google,Primary failure label = FAIL (type 5) + LOST (type 8); FINISH (type 6) as success; EVICT and KILL excluded from primary target,93% of EVICTs are Free/Best-effort tier (notebook 03 Sec 7.2); KILL is user-initiated,Notebook 03 Sec 7.2.2 + 7.8,"RQ1, RQ2, RQ3, RQ4",Validated (Phase 2),May be revisited if sensitivity branch (P04) reveals materially different patterns
V02,Imbalance Strategy,Google,Cost-sensitive learning + SMOTE; 3.4:1 ratio judged manageable without extreme oversampling,73.6M FINISH vs 21.7M FAIL_LOST (notebook 03 Sec 7.2),Notebook 03 Sec 7.8; Li et al. (2021),"RQ1, RQ2",Validated (Phase 2),Approach confirmed Phase 4 modeling
V03,Null Handling: machine_id,Google,Do not impute machine_id; filter to post-scheduling event types when joining,Structural nulls (95-99%) for pre-scheduling events (notebook 03 Sec 7.3),Notebook 03 Sec 7.3 + 7.8,"RQ1, RQ4",Validated (Phase 2),Implemented Phase 3 preprocessing module
V04,Null Handling: Resources,Google,"Drop or median-impute the 47,933 rows with missing cpu_request or memory_request",0.003% null rate (notebook 03 Sec 7.3),Notebook 03 Sec 7.3 + 7.8,"RQ1, RQ4",Validated (Phase 2),Implemented Phase 3
V05,Null Handling: Usage Columns,Google,Drop sample_memory column entirely; investigate CPI/MAPI further before deciding,sample_memory is 100% null; CPI/MAPI 20.5% null pending follow-up (notebook 03 Sec 7.3),Notebook 03 Sec 7.3 + 7.8,"RQ1, RQ3",Validated (Phase 2),CPI/MAPI follow-up resolved by V11
V06,Temporal Split,Google,Chronological 70/15/15 train/val/test with blocked temporal CV inside training,31-day coverage (notebook 03 Sec 7.4),Notebook 03 Sec 7.8; Bergmeir & Benitez (2012); Raschka (2018),"RQ1, RQ2, RQ3, RQ4",Validated (Phase 2),Implemented Phase 4
V07,Machine Features,Google,"Include platform, capacity, failure history, and churn metrics in the feature set",Platform correlates with failure density (notebook 03 Sec 7.6),Notebook 03 Sec 7.6 + 7.8; Zhang et al. (2023),"RQ1, RQ4",Validated (Phase 2),Implemented Phase 3
V08,KILL Handling,Google,Exclude KILL events entirely from analysis,"Type 7 is user-initiated cancellation, not predictable system behavior (notebook 03 Sec 7.2.2)",Notebook 03 Sec 7.2 + 7.8,RQ1,Validated (Phase 2),Implemented Phase 3
V09,Failure Mechanism,Google,Rapid-onset failure model: median FAIL_LOST running duration 22.6s vs FINISH 181.0s; 93.8% crash in 10s to 1min,Lifecycle reconstruction query resolved Open Question #3,sql/exploration/instance_lifecycle_reconstruction.sql,"RQ1, RQ3",Validated (Phase 2),Drives the three-level architecture in P06
V10,Failure Predictor,Google,Resubmission history dominates: 99.04% of FAIL_LOST resubmitted at least once; first-resubmission failure rate 10.12% vs 0.14% single-pass (72x),Lifecycle reconstruction query resolved Open Question #3,sql/exploration/instance_lifecycle_reconstruction.sql,RQ1,Validated (Phase 2),Anchors Tier 1 historical features in V13
V11,CPI/MAPI Encoding,Google,"Indicator + conditional value encoding (MNAR), not MAR imputation",Workload-type driven nulls: FINISH 87.2% null vs FAIL_LOST 26.8% null. Resolved Open Question #6,sql/exploration/cpi_mapi_missingness_structure.sql,"RQ1, RQ3",Validated (Phase 2),Implemented Phase 3
V12,Pre-Failure Utilization,Google,Utilization inversion: failing instances use LESS CPU/memory (FAIL_LOST median 0.012 vs FINISH 0.081) but ramp 3.6x faster CPU and 2.3x faster memory,Pre-failure utilization query resolved Open Question #4,sql/exploration/pre_failure_utilization_profiles.sql,"RQ1, RQ3",Validated (Phase 2),Justifies Tier 2 slope features; relegates Tier 3 to ablation only
V13,Feature Tier Structure,Google,Tier 1 (pre-scheduling + historical) dominates; Tier 2 (early-runtime slopes) moderate; Tier 3 (windowed utilization) confounded by short crash window,"Synthesis of V09, V10, V11, V12",Three follow-up queries (Phase 2 synthesis),"RQ1, RQ3",Validated (Phase 2),Phase 4 feature ablation will empirically retest
V14,Primary SMART Features,Backblaze,"SMART 197 (raw), 5 (raw), 198 (raw)","AUC 0.7367, 0.7323, 0.6815 (top 3 per notebook 05)",Notebook 05 Sec 7.8 D1; Cheng et al. (2022); Zhang et al. (2023),"RQ1, RQ3, RQ5",Validated (Phase 2),Built Phase 3
V15,Secondary SMART Features,Backblaze,"SMART 4, 12, 193, 240, 1, 7, 9 as supplementary discriminators",AUC > 0.56; cumulative wear indicators (notebook 05),Notebook 05 Sec 7.8 D2,"RQ1, RQ3, RQ5",Validated (Phase 2),Built Phase 3
V16,SMART 187/188 Handling,Backblaze,Conditional inclusion with availability indicator encoding,49.5% availability (notebook 05); literature priority but data gap,Notebook 05 Sec 7.8 D3,"RQ1, RQ3",Validated (Phase 2),Built Phase 3; O08 explores post-2015 recovery
V17,Imbalance Strategy,Backblaze,Cost-sensitive learning + severe undersampling; evaluate anomaly detection framing,"21,947:1 ratio at daily-observation level (notebook 05)",Notebook 05 Sec 7.8 D4; Li et al. (2021),"RQ1, RQ5",Validated (Phase 2),Implemented Phase 3 + Phase 4
V18,Model Stratification,Backblaze,Include model identity as feature; evaluate per-manufacturer sub-models,AUC spread up to 0.2744 across top-5 drive models (notebook 05),Notebook 05 Sec 7.8 D5; Zhang et al. (2023),"RQ1, RQ5",Validated (Phase 2),Depth of stratification still open (see O07)
V19,Feature Engineering Approach,Backblaze,"Sliding-window temporal features: rolling mean, rolling std, rate-of-change, binary non-zero indicators",Gradual degradation pattern + zero-inflation (notebook 05),Notebook 05 Sec 7.8 D6,"RQ1, RQ3, RQ5",Validated (Phase 2),Built Phase 3; window length still open (see O06)
V20,Temporal Evaluation Strategy,Backblaze,Expanding-window or sliding-window cross-validation across years,Non-stationary failure rates and fleet composition drift (notebook 05),Notebook 05 Sec 7.8 D7; Bergmeir & Benitez (2012); Campos et al. (2023),"RQ1, RQ5",Validated (Phase 2),Implemented Phase 4 + Phase 7
V21,Online Learning Justified,Backblaze,Online and incremental learning approach justified for RQ5,21x monthly failure-rate range; schema evolution; 12-year fleet turnover (notebook 05),Notebook 05 Sec 7.8 D8; AlShafeey & Csaki (2024),RQ5,Validated (Phase 2),Executed Phase 7
V22,Prediction Framing,Backblaze,Daily sliding-window prediction with multi-day lookahead,Gradual degradation supports temporal features; contrasts with Google at-submission architecture,Notebook 05 Sec 7.8 D9,"RQ1, RQ3",Validated (Phase 2),Implemented Phase 4 (specific horizons in P07)
V23,Evaluation Metrics for Imbalance,Both,"MCC, PR-AUC, F1 as primary metrics; not accuracy or standard ROC-AUC",Extreme class imbalance makes accuracy uninformative,Notebook 05 Sec 7.8 D10; Chicco & Jurman (2023); Saito & Rehmsmeier (2015),"RQ1, RQ2, RQ5",Validated (Phase 2),Reported with bootstrap CIs per P15
V24,Cross-Dataset Complementarity,Both,Two complementary failure regimes: rapid-onset software (Google) vs. gradual SMART degradation (Backblaze),Notebook 06 Section 5 cross-dataset comparison table,Notebook 06 Sec 5,"RQ1, RQ3",Validated (Phase 2),Anchors the methodology-generalizability claim in Ch. 5
P01,Working Set Size,Google,"Two population scopes. (1) The RQ1 model fits at the episode grain (V30) on a full episode census built from instance_events_labeled over all instances (~89.7M episodes; 19.2M FAIL/LOST and 70.5M FINISH terminal episodes), which satisfies the 50-100M modeling-row commitment with no subsampling. (2) The collection-level working set scopes the instance-grain Tier 1/2/3 matrices: the eligible instance population (FINISH or FAIL/LOST, scheduled) is 35,133,137, below the 50M floor, so the sampler returns the full population with total failure retention rather than stratified subsampling.","Episode census n_ep is in band at the episode grain (NB 10 Sec 11.3); the 1.025M FAIL/LOST instances expand to 19.2M FAIL/LOST attempts because failing attempts resubmit heavily (V10). The working set is the full 35.1M eligible instance population (NB 10 Sec 1.1a full-retention check); those instances carry ~40.6M of their own episodes, a smaller quantity than the census. Original 50-100M from Rajput et al. (2023) and the Colab T4 compute envelope",DP Ch. 3 Sampling Strategy; NB 10 Sec 11.3; NB 10 Sec 1.1a,"RQ1, RQ2, RQ3, RQ4",Validated (Phase 3),Episode-census band check in NB 10 Sec 11.3; full-population retention for the instance-grain working set in NB 10 Sec 1.1a; P05 learning curve supplies sample-adequacy evidence
P02,Working Set Ratio,Backblaze,100:1 healthy-to-failure ratio (~3.13M observations) with full failure preservation,"Imbalance-handling recommendations from Saito & Rehmsmeier (2015), Chicco & Jurman (2023)",DP Ch. 3 Sampling Strategy,"RQ1, RQ3, RQ5",Planned (DP),Learning-curve validation in Phase 3
P03,Sensitivity Branches,Backblaze,Build 50:1 and 200:1 working sets alongside 100:1,Tests robustness of the 100:1 choice to working-set construction,DP Ch. 3 Sampling Strategy,RQ1,Planned (DP),Sensitivity analysis in Phase 5
P04,Sensitivity Branch,Google,"Production-priority EVICTs (type 4, priority >= 120) added as failures in sensitivity analysis",Tests whether production evictions exhibit distinct predictive patterns; only 0.13% of EVICTs,Notebook 03 Sec 7.2.2 + DP Ch. 3,RQ1,Planned (DP),Sensitivity analysis in Phase 5
P05,Sample-Size Adequacy,Both,Learning curve at 1/5/10/25/50/100% of working set; convergence when MCC delta < 0.005 with 95% CI straddling zero,Procedure committed in DP,DP Ch. 3 Sampling Strategy,"RQ1, RQ2, RQ3, RQ4, RQ5",Planned (DP),Executed Phase 3
P06,Prediction Architecture,Google,"Three-level prediction (at-submission primary, at-scheduling secondary, early-runtime sensitivity)",Motivated by V09 rapid-onset model; runtime windows infeasible at the dominant failure mode,DP Ch. 3 RQ1 specification,"RQ1, RQ3",Planned (DP),Built Phase 4
P07,Multi-Horizon Prediction,Backblaze,"Predict at 7-day, 14-day, and 30-day horizons",Exploits the gradual SMART degradation pattern (V09 contrast),DP Ch. 3 RQ1 Backblaze + Notebook 05 D9,"RQ1, RQ3",Planned (DP),Built Phase 4
P08,Hyperparameter Tuning Strategy,Both,Bayesian optimization for LightGBM and XGBoost (50 trials per family); grid search for Random Forest,Efficient for high-dimensional parameter spaces,DP Ch. 3 Hyperparameter Tuning Strategy; Snoek et al. (2012),"RQ1, RQ4",Planned (DP),Executed Phase 4
P09,RQ2 Conflict Types,Google,"Three conflict types labeled: resource contention, priority inversion, scheduling violations",Operational definitions from DP,DP Ch. 3 RQ2 specification,RQ2,Planned (DP),Built Phase 4
P10,RQ4 Proactive Strategies,Google,"Three strategies compared against reactive baseline: preemptive migration, admission control, capacity-aware bin packing",Operational definitions from DP,DP Ch. 3 RQ4 specification,RQ4,Planned (DP),Built Phase 4 (depends on V09/P06 RQ1 outputs)
P11,RQ5 Drift Taxonomy,Backblaze,"Address four drift subtypes (sudden, gradual, incremental, recurring) each with a specific detector-mitigation pair",Castano et al. (2025); Lu et al. (2018) drift taxonomy,DP Ch. 3 RQ5 specification,RQ5,Planned (DP),Executed Phase 7
P12,RQ5 Drift Detectors,Backblaze,ADWIN and Page-Hinkley (sudden); KS and PSI (gradual); long-horizon performance tracking (incremental); distributional similarity (recurring),Detector selection per subtype follows Lu et al. (2018),DP Ch. 3 RQ5 specification,RQ5,Planned (DP),Built Phase 7
P13,RQ5 Online Learners,Backblaze,"Adaptive Random Forest, Hoeffding Adaptive Tree, Online Gradient Boosting (River implementations)",Library validated by AlShafeey & Csaki (2024); Liu & Zhao (2023),DP Ch. 3 RQ5 specification,RQ5,Planned (DP),Built Phase 7
P14,Random Seed Convention,Both,Random seed = 42 across every stochastic operation,Reproducibility per Allgaier & Pryss (2024) and Raschka (2018),DP Ch. 3 Reproducibility Plan,"RQ1, RQ2, RQ3, RQ4, RQ5",Planned (DP),Enforced from Phase 3 onward
P15,Confidence Interval Method,Both,"95% bootstrap CIs with 1,000 stratified resamples on every reported metric",Stratified bootstrap preserves class balance per resample,DP Ch. 3 Classification Metrics; Michelucci & Venturini (2021),"RQ1, RQ2, RQ3, RQ4, RQ5",Planned (DP),Reported Phase 4 onward
P16,Family-Wise Error Control,Both,"Holm-Bonferroni primary, Benjamini-Hochberg supporting; both reported across the five RQs",Strong control across primary hypothesis tests,DP Ch. 3 Data Analysis,"RQ1, RQ2, RQ3, RQ4, RQ5",Planned (DP),Applied Phase 5
P17,Interpretability Sampling,Both,"Sample-based SHAP (target 10,000-20,000 stratified rows) rather than population",Tractable compute; global rankings stabilize at this sample size,DP Ch. 3 Model Interpretability,RQ1,Planned (DP),Executed Phase 5
P18,Reporting Standard,Both,"TRIPOD+AI 27-item checklist with explicit cross-references to notebooks, tables, and figures",Standard for ML prediction model reporting,DP Ch. 3 Materials and Methods; Collins et al. (2024),"RQ1, RQ2, RQ3, RQ4, RQ5",Planned (DP),Completed Phase 6
P19,Regeneration Pipeline,Both,Single Notebook 19 regenerates every Chapter 4 table and figure from result Parquets,Hermetic regeneration prevents drift between draft prose and source artifacts,Phase 6,"RQ1, RQ2, RQ3, RQ4, RQ5",Planned (DP),Built Phase 6
O01,Temporal Patterns,Google,Do event densities and failure rates vary by time of day or day of week?,"Determines whether temporal features (hour, weekday) are informative and whether temporal stratification is needed",Notebook 03 Sec 7.7 #1,"RQ1, RQ3",Open,Investigate Phase 3 (post-preprocessing EDA)
O02,Monitoring-Tier Evictions,Google,Are the 7.8M monitoring-priority evictions (6.7% of all EVICTs) health-check/canary processes or genuine infrastructure issues?,Could warrant a third sensitivity branch beyond P04 Production EVICTs,Notebook 03 Sec 7.7 #2,RQ1,Open,Investigate Phase 3; potential sensitivity branch in Phase 5
O03,Collection-Level Concentration,Google,Are failures concentrated in certain collections? collection_type 0 dominates (99.3% of events). Is collection_type informative or essentially constant?,Material to RQ2 conflict labeling and to within-collection correlation structure,Notebook 03 Sec 7.7 #5,RQ2,Resolved (Phase 4 Modeling),"Resolved in RQ2 (NB13): collection_type is near-constant and uninformative as a model feature; escalation concentration is driven by per-instance strictly-prior resubmission history (V39/V40), while collection-level structure is captured by the scheduling-violation conflict type at the collection grain."
O04,Sentinel Timestamp Handling,Google,How many instances have time=0 or time=MAX_INT64? Exclude as censored or handle as left/right-censored data?,Affects lifecycle feature computation,Notebook 03 Sec 7.7 #7,"RQ1, RQ3",Open,Resolve in Phase 3 preprocessing
O05,Backblaze Non-Zero Indicators,Backblaze,"Should binary indicators (has_nonzero_smart_*) be engineered alongside raw values and rolling stats? Are upper quantiles (p90, p95, p99) more discriminative than medians or means?","Zero-inflation in SMART 197, 5, 198",Notebook 05 Sec 7.7 #1,"RQ1, RQ3",Open,Investigate Phase 3 feature engineering
O06,Backblaze Window Length,Backblaze,"What window lengths (7, 14, 30, 60 days) maximize predictive power for rate-of-change features?",Degradation curves suggest 90-day detectability but zero-inflation complicates,Notebook 05 Sec 7.7 #2,"RQ1, RQ3",Open,Investigate Phase 3 + Phase 4
O07,Backblaze Stratification Depth,Backblaze,"Should stratification be at the model level (dozens of sub-models), the manufacturer level (3-4 groups: Seagate, HGST/WDC, Toshiba, Hitachi), or via model-identity features in a global classifier?",Heatmap shows AUC variation up to 0.27 across drive models,Notebook 05 Sec 7.7 #3,RQ1,Open,Investigate Phase 4
O08,Backblaze SMART 187/188 Recovery,Backblaze,Can availability be improved by restricting to post-2015 files (where schema expanded)? Does discriminative power justify separate model branches?,~49.5% availability; literature-standard but data gap,Notebook 05 Sec 7.7 #4,RQ1,Open,Investigate Phase 3 + Phase 4
O09,Backblaze Survival Modeling,Backblaze,"For RQ3 (lead time analysis), should Backblaze support survival analysis (Cox PH or accelerated failure time) using days-from-first-observation-to-failure?",EDA focused on binary failure prediction; RQ3 is about lead time,Notebook 05 Sec 7.7 #5,RQ3,Open,Investigate Phase 4 (RQ3 Backblaze)
O10,Backblaze Seasonal Features,Backblaze,"Should month/quarter indicators be included, or is the signal too weak to justify the features?",46% relative seasonal variation is modest but consistent,Notebook 05 Sec 7.7 #6,RQ1,Open,Investigate Phase 3
O11,Backblaze HGST Anomaly,Backblaze,The HGST HMS5C4040BLE640 shows consistently weak SMART discrimination. Genuine failure-mechanism difference or statistical artifact of 0.0011% daily failure rate? Exclude or treat as edge case?,Affects training-set composition and per-model evaluation,Notebook 05 Sec 7.7 #7,RQ1,Open,Investigate Phase 4
V25,Sentinel Timestamp Handling,Google,"Sentinel rows: time=0 = 3,881,238 (0.2260%); time=2^63-1 = 18,078 (0.0011%). Decision: treat sentinel-bearing rows as left/right-censored for survival-style analysis.","F1 sentinel inventory query against full instance_events_full; FAIL_LOST sentinel-touch rate 2.48%, FINISH 0.11%; class-balance shift threshold exceeded.",notebooks/07b_phase3_front_loaded_eda.py Section 2; outputs/tables/sentinel_inventory.csv,"RQ1, RQ3",Validated (Phase 3 front-loaded),Encode in src/preprocessing/timestamps.py: filter sentinel rows before lifecycle feature computation; expose a censoring indicator for survival-style sensitivity analysis if RQ3 horizon work needs it.
V26,Temporal Stratification,Google,"Hourly swing 3.75x; weekly swing 1.29x; business vs off-hours density ratio 0.60x; weekday vs weekend 1.18x. Decision: stratify the 70/15/15 split by (day_of_week, hour_of_day) bucket.",F2 hour-of-day x day-of-week aggregation across instance_events_full with sentinel timestamps excluded; 3x swing threshold per the Chapter 4 plan.,notebooks/07b_phase3_front_loaded_eda.py Section 3; outputs/tables/temporal_density.csv; outputs/figures/diurnal_density.png,"RQ1, RQ2, RQ3, RQ4",Validated (Phase 3 front-loaded),"Encode in src/features/sampling.py: build a stratified-by-(day_of_week, hour_of_day) chronological splitter and route the 70/15/15 working-set construction through it."
V27,Monitoring EVICT Sensitivity,Google,monitoring EVICTs pattern-match expected Borg scheduler behavior. Document the exclusion rationale in DM (Failure Definition section) and exclude from the failure label.,"F3 profile: monitoring EVICTs n=105,049, median running -12765.5 s, resubmission rate 100.00%. Log-distance to FAIL_LOST inf, to Production EVICT inf.",notebooks/07b_phase3_front_loaded_eda.py Section 4; outputs/tables/monitoring_evict_profile.csv,RQ1,Validated (Phase 3 front-loaded),Document the exclusion rationale in DM Failure Definition section; reference V27 evidence.
V28,CPI/MAPI Encoding Refinement,Google,Refine V11 to per-instance majority vote in preprocessing.,"F4 within-instance check: always_present 0.19%, always_absent 59.97%, mixed 39.84% (29,676,391 instances) across 74,490,982 distinct (collection_id, instance_index) pairs.",notebooks/07b_phase3_front_loaded_eda.py Section 5; outputs/tables/cpi_mapi_within_instance_variance.csv,"RQ1, RQ3",Validated (Phase 3 front-loaded),Add per-instance majority-vote aggregation step in src/preprocessing/missingness.py before feature assembly; reference V28 evidence.
V29,Failure Predictor Refinement,Google,"Refines V10. Reproducing the 99.04% FAIL_LOST resubmission rate requires both the 3-day window (days 10-12) and the Part B queue_time_sec >= 0 AND running_duration_sec >= 0 filter, which excludes instances that failed before being scheduled (no SCHEDULE event, so queue_time_sec is NULL). Without that filter the windowed rate lands near 92%. Across the full 31-day trace the FAIL_LOST resubmission rate is roughly 76%, because the population then includes single-pass crashes and trace-boundary instances that never had the opportunity to resubmit.",Notebook 08 Section 5: V10-exact reproduction 99.04% with the schedule filter; full-trace lifecycle summary 76.39%. Both rates support the V10 narrative (resubmission history dominates the failure population); the gap between them quantifies the selection bias of the original 3-day sample.,notebooks/08_google_preprocessing.py Section 5; outputs/tables/preprocessing_verification.csv,RQ1,Validated (Phase 3 preprocessing),"Cite both reproduction modes in working_draft.docx wherever V10 is referenced: schedule-filtered 3-day rate for the exact V10 number, full-trace rate for the long-run population statistic."
V30,Modeling Grain,Google,"Model RQ1 at the scheduled-episode (per-attempt) grain, not the instance grain. Each sched_seq group is one episode row; terminal = first terminal-type event; history is strictly prior (earlier episodes only).","Instance-grain submission+history MCC inflated to 0.949 because lifecycle history (prior_fail_count, resubmission_count) spans the resubmissions that decide the terminal label. Episode-grain regrain drops it to 0.681 (drop 0.268); leakage guard PASS (first episodes carry zero prior history).",notebooks/11b_attempt_structure_google.py; notebooks/10_feature_engineering_google.py Sec 11; notebooks/11_preprocessed_eda_google.py Sec 3.8; src/features/episodes.py,"RQ1, RQ2, RQ3",Validated (Phase 3 Data Preparation),Use episode_lifecycle_features_base / episode_features for Google RQ1 modeling; rebuild RQ2/RQ3 at the episode grain.
V31,Failure Predictor Reframing,Google,Refines V10/V29. Strictly-prior resubmission history adds negligible incremental predictive value (~+0.015 MCC) at the episode grain; the descriptive resubmission-failure association (V10) is real but does not translate into incremental predictive power once history cannot see the label.,Episode-grain prediction-point ablation: submission_conservative MCC 0.666 vs submission_plus_history 0.681 (delta +0.015).,notebooks/11_preprocessed_eda_google.py Sec 3.8; outputs/tables/google_episode_prediction_point_recheck.csv,RQ1,Validated (Phase 3 Data Preparation),"In Chapter 4, distinguish the descriptive V10 resubmission-failure rate from its negligible incremental predictive value at the scheduled-attempt grain."
V32,Episode Imbalance and Recurring Tail,Google,"Episode-grain class balance is neg:pos 3.66:1 (~21.4% positive) vs ~78:1 at the instance grain. The recurring tail (0.8% of finishing instances finish 2+ times, up to 1,894) is de-concentrated with a per-instance negative cap (default 5) and an instance-keyed group train/test split.","89,683,949 modeling episodes (19,231,737 FAIL/LOST, 70,452,212 FINISH); cap to 5 negatives per instance -> neg:pos 1.85:1; FINISH-doubling shown to be genuine separate scheduled runs, not duplicate records.","notebooks/11b_attempt_structure_google.py Sec 3.5; notebooks/10 Sec 11.3-11.5; src/features/episodes.py (cap_negative_episodes, group_train_test_split)",RQ1,Validated (Phase 3 Data Preparation),Apply cap + group split at modeling time (notebook 12); never split episodes by row.
V33,Episode RQ1 Prediction-Point Curve,Google,Honest episode-grain RQ1 prediction-point curve; early-runtime meets the RQ1 >0.90 target. Tier 2 (early-runtime rate-of-change) carries the jump (V12); Tier 3 is marginal (V13).,"Curve (95% bootstrap CIs): submission 0.666 -> submission+history 0.681 -> at-scheduling 0.705 -> early-runtime 0.909 (CI [0.908, 0.910]) -> all-reference 0.922. Caveat: Tier 2 availability 19.4% (label-correlated missingness; rapid-onset crashes emit no early usage, V09), so part of the early-runtime score is null-as-signal, a legitimate at-prediction-point observable.","notebooks/10 Sec 12 (episode Tier 2/3, interval-assigned); notebooks/11 Sec 3.8; outputs/tables/google_episode_prediction_point_recheck.csv","RQ1, RQ3",Validated (Phase 3 Data Preparation),Report early-runtime as the RQ1 baseline; add a Tier 2 missingness-indicator ablation in Chapter 4 to split null-pattern vs slope-magnitude contributions.
V34,RQ1 Modeling-Set Scope and Adequacy Grain,Google,"RQ1 fits at the episode grain on the full episode census (episode_features: all instances from instance_events_labeled, episodes with a FAIL/LOST/FINISH terminal, ~89.68M rows), independent of the collection-level working set. The instance-grain working set (full eligible population, 35.1M) scopes only the instance-grain Tier 1/2/3 matrices. No subsampling at either grain.","Episode census sits in the 50-100M P01 band (NB 10 Sec 11.3). The instance-grain learning curve saturates near MCC 0.97 from 1% of the data (leakage signature), so it is retained only as a labeled baseline; the episode-grain early-runtime MCC is ~0.909 (NB 11 Sec 3.8-3.9). P05 sample-size adequacy is therefore assessed on the episode-grain curve, not the instance-grain matrix.",NB 10 Sec 1.1a and 11.3; NB 11 Sec 3.5b and 3.9; src/features/sampling.py,RQ1,Validated (Phase 3 Data Preparation),Report the episode-grain learning curve (Sec 3.9) as the P05 adequacy evidence; cite the instance-grain curve only as the leakage demonstration. Rerun NB 10/11 to refresh the manifest and curves.
V35,At-Submission Feature Leak (Terminal vs Submit Sourcing),Google,"Refines V33. The at-submission priority_tier and scheduling_class features were sourced from terminal_priority / terminal_scheduling_class (the value at the instance's death event), which leaks the outcome at the at-submission prediction point. Fix: add submit_priority / submit_scheduling_class (first-event-by-time values) to instance_lifecycle_summary and source the episode-base at-submission priority_tier and scheduling_class from them. terminal_* is retained only for outcome labeling (e.g. EVICT_MONITORING), never as a model feature.","NB12 Sec 3.2-3.4 (instance group split, train-only cap, baseline LightGBM): at-submission MCC inflated to ~0.86-0.92 vs the V31/V33 leak-free reference (0.666 / 0.681). Localization: scheduling_class single-feature MCC 0.60 and priority tiers carry diffuse signal; the joint cell (scheduling_class=2, best_effort) splits 1.3% vs 94.3% failure and monitoring tier is 99.4% failure (a death-time priority). Overall positive rate unchanged at 0.214 (= V32), so population and label are intact; only the terminal-derived static features leak.",notebooks/12_rq1_ensemble_google.py Sec 3.2-3.4; notebooks/08_google_preprocessing.py (instance_lifecycle_summary); notebooks/10_feature_engineering_google.py Sec 11.2; src/preprocessing/lifecycle.py,"RQ1, RQ2, RQ3, RQ4",Validated (Phase 4 Modeling); resolved across the episode and instance-grain code,Resolved. instance_lifecycle_summary (NB08) and the episode base (NB10 Sec 11.2) were rebuilt with submit-time sourcing and confirmed (V36/V37). The instance-grain Tier matrix (NB10 Sec 6 and src/features/scheduling.py) and the working-set sampler strata (NB10 Sec 1.1 and src/features/sampling.py) now read submit_priority / submit_scheduling_class; src/features/conflict_labels.py already used submit-time and detection-time sourcing. terminal_priority / terminal_scheduling_class are retained only for outcome labeling (EVICT_MONITORING). The instance-grain working set and Tier matrix regenerate leak-free when RQ2/RQ4 build them (they were not part of the RQ1 episode rebuild). Chair informed that the RQ1 at-submission feature definition was corrected.
V36,RQ1 Tuned-Ensemble Result and Curve Reconciliation,Google,"Refines V31/V33/P06. RQ1 is met at early-runtime: tuned ensembles reach ~0.95 MCC (Random Forest 0.948), above the 0.90 target. The at-submission curve is model- and grain-dependent and decomposes with no leakage. A novel job's first attempt (static submit-time features, no history) scores ~0.67-0.71, matching the proposal's submission-is-hard expectation; the all-attempt episode-grain at-submission rises to ~0.89 via strictly-prior resubmission history (about +0.13, V10) plus a recurring-failer concentration effect (about +0.08). The notebook 11 baseline curve (0.58/0.69/0.89) was suppressed by a fixed 0.5 threshold with no class weighting, not by any real ceiling.","Notebook 12 Section 6 tuned model zoo plus Sections 6.5-6.6 decomposition. Early-runtime test MCC: RF 0.948, Balanced RF 0.947, soft-voting stack 0.946, LightGBM 0.937, XGBoost 0.935. At-submission tree ensembles ~0.89-0.90 (stack 0.901). Decomposition (tuned, test MCC): static-only 0.76, plus-history 0.89, plus-machine 0.90, plus-runtime 0.95. First-episode confirmation (novel instances, 9.5% positive, no history) static MCC: LightGBM 0.675, RF 0.707. Structural integrity verified: instance-keyed group split with zero straddle, train-only negative cap, submit-time priority/class (V35), strictly-prior guard passing.",notebooks/12_rq1_ensemble_google.py Sec 6-6.6; outputs/tables/rq1_google.csv; outputs/tables/rq1_google_submission_decomposition.csv; outputs/tables/rq1_google_first_episode_static.csv,"RQ1, RQ4",Validated (Phase 4 Modeling),Chapter 4: report the tuned-ensemble curve and decompose at-submission into novel-instance (~0.67) versus repeat-attempt-with-history (~0.89); refine P06/V33 so submission difficulty is framed per-grain. Checkpoint the best early-runtime ensemble (RF) as the RQ1 headline and the best at-submission ensemble for RQ4. Discuss the narrative refinement with the chair.
V38,RQ2 Conflict Labeling Design,Google,"RQ2 conflict resolution is operationalized as three detection-time labelers over the event stream: resource contention (machine-window over-subscription, summed requests vs capacity), priority inversion (an EVICT whose evicted instance outranks the replacing SCHEDULE within 60s, matched by an as-of join), and scheduling violations (collection windows with abnormal SCHEDULE-to-EVICT or SCHEDULE-to-FAIL ratios, aggregated from the instance stream). Two working-set scopes are required: machine-scoped (all instances on sampled machines, preserving co-residency) for contention and inversion, and collection-scoped (all instance events of sampled collections) for violations. Labels are failure-based: a conflict escalates only if an affected instance reaches FAIL/LOST; still-running instances count as non-escalating, with a guard requiring at least one observed terminal.","Independent per-instance sampling erased co-residency (contention found ~4 episodes) and collection_events do not carry EVICT/FAIL churn (violations found 0); both fixed by the two-scope design and instance-stream aggregation. A strict all-FINISH label dropped every busy contended window and made inversion 261:1; the failure-based convention restores workable prevalence (contention 4.8% clean, scheduling violation 19.7%, priority inversion 95.4%). Detection thresholds are first-pass defaults, calibrated in-notebook. Working set: days 10-12, ~2.5% of machines and ~2% of collections.",notebooks/13_rq2_conflict.py Sec 1-2; src/features/conflict_labels.py,RQ2,Validated (Phase 4 Modeling),Treat detection thresholds as defaults; widen the working-set window or sample for tighter CIs if RQ2 is revisited in sensitivity analysis.
V39,RQ2 Strictly-Prior History and Entity-Grouped Split,Google,"Adds the RQ1-dominant signal to RQ2 as strictly-prior detection-time history features (prior failure and prior resubmission counts of the involved instances or collection, counted strictly before the conflict start via the prior_counts union-plus-cumulative-sum helper, validated for strict less-than semantics so an event at exactly the detection time is excluded). The train/val/test split is by entity group_key (machine for contention, instance for inversion, collection for violation), not by per-episode conflict_id.","History lifted contention from 0.52 to 0.79 MCC and priority inversion from 0.30 to 0.87, but splitting on conflict_id let a recurring entity's episodes straddle train and test. Switching to the entity-grouped split removed the straddle: contention fell to its honest 0.60 while inversion held at 0.86, confirming the inversion signal generalizes to novel instances. group_key is dropped before modeling, never used as a feature.","notebooks/13_rq2_conflict.py Sec 2-3; src/features/conflict_labels.py (prior_counts, group_key)",RQ2,Validated (Phase 4 Modeling),Mirror the entity-grouped-split discipline in any future conflict-resolution modeling; keep group_key out of the feature set.
V40,RQ2 Result and Hypothesis Outcome,Google,"RQ2 >0.80 MCC is evaluated per conflict type, with pooled reported only as context (the conflict_type indicator separates the differing per-type prevalences). On the entity-grouped split: priority inversion meets the target (decision tree, test MCC 0.862, 95% CI [0.811, 0.907], H0 rejected), driven entirely by strictly-prior resubmission history (0.30 without it). Resource contention does not (random forest, MCC 0.600, CI [0.572, 0.630]); scheduling violations do not (validation-selected model near 0 on test). Pooled MCC ~0.86 clears the bar but is a between-type-prevalence artifact. The verdict is on MCC, the primary imbalance-robust metric; inversion F1 ~0.93 (the 95% majority class) would overstate it.","Contention history features are already well populated (prior_fail_total nonzero on 84% of episodes), so 0.60 reflects genuine weak predictability of window-level escalation, consistent with the rapid-onset-crash model (V09): resource pressure is a weak escalation predictor, an instance's own churn history a strong one. Scheduling-violation's next-window-stabilization label is not driven by cumulative history.",notebooks/13_rq2_conflict.py Sec 5-9; outputs/tables/rq2_results.csv; outputs/tables/rq2_hypothesis_test.csv,RQ2,Validated (Phase 4 Modeling),Chapter 4: report RQ2 as met for priority inversion and not for resource contention or scheduling violations; flag pooled as a between-type artifact and MCC as the operationalization. Confirm the MCC operationalization with the chair.
V37,"RQ1 Hypothesis Test, Tuning Ceiling, and Calibration",Google,"Refines V36/P08. The formal one-sided CI test confirms RQ1 at the designated early-runtime point (random forest MCC 0.948, 95% CI [0.946, 0.949], reject H0: MCC <= 0.90); at-scheduling clears marginally (balanced random forest 0.902, CI [0.900, 0.904]); at-submission does not (soft-voting stack 0.901, CI lower bound 0.899), consistent with submission-time difficulty for novel jobs. Hyperparameter tuning at both prediction points converged to a model-agnostic ceiling: four families within 0.003 CV MCC at each point (early-runtime ~0.847-0.849, at-submission ~0.810-0.813), and tuning gave no test-set gain over defaults (tuned RF 0.941 vs untuned 0.948), so performance is data-bound, not model-bound. The models are strong discriminators but over-forecast failure probability under SMOTE plus class weights; RQ1 metrics are unaffected because the operating thresholds are MCC-tuned rather than fixed at 0.5.","outputs/tables/rq1_google_hypothesis_test.csv applies the Chapter 3 CI-based one-sided rule (reject only when the 95% CI lower bound clears 0.90); the reliability plot shows the early-runtime RF calibration curve below the diagonal across the range; configs/models/rq1_google_{lgbm,xgb,rf,brf}_{early_runtime,at_submission}.yaml record per-family tuned params and CV MCC; checkpoints rq1_google_best_earlyruntime and rq1_google_best_atsubmission (random forest at both points).",notebooks/12_rq1_ensemble_google.py Sec 8-10; outputs/tables/rq1_google_hypothesis_test.csv; outputs/figures/rq1_google/,"RQ1, RQ4",Validated (Phase 4 Modeling),"Chapter 4: report the early-runtime CI test as the RQ1 result and note the model-agnostic tuning ceiling; add a TRIPOD+AI calibration note (strong discrimination with over-forecasting under resampling). Defer post-hoc probability calibration (isotonic or Platt on the validation block, with Brier reported before and after) to RQ4, where the at-submission probabilities feed admission control."
V41,RQ3 Google Lead-Time Result,Google,"RQ3 evaluated by reusing the at-submission ensemble checkpoint (rq1_google_best_atsubmission) on the RQ1 instance-grouped test split; lead time = submit to terminal (queue_time + running_duration). Attempt-level lead time for true-positive failing episodes: median 3.45 min (95% CI [3.30, 3.62]), below the 15-min target (fail to reject H0). Collection-level: aggregating member at-submission scores gives strong discrimination (collection MCC max 0.871, top3_mean 0.868, mean 0.834, all >0.80), but the realized lead time between the collection's earliest at-risk flag and its first member failure is only ~0.51 min (95% CI [0.50, 0.52]), far below 15 min (fail to reject for every aggregation). RQ3 is not met for Google on the 15-min lead-time target; the limit is lead time, not discrimination.","Consistent with the rapid-onset-crash model (V09): Borg failures crash within seconds to ~1 min, so even strong collection-level discrimination cannot deliver 15 min of warning. The 15-min target is realizable on Backblaze gradual SMART degradation (RQ3 Backblaze), reflecting cross-dataset complementarity (V24). Caveats (none change the conclusion): the at-submission checkpoint is instance-grouped, so collection scores are mildly optimistic and the collection MCC threshold is selected in-sample; the lead-time measure (first member failure minus earliest at-risk submit) is conservative.",notebooks/14_rq3_leadtime_google.py; outputs/tables/rq3_google.csv; outputs/tables/rq3_google_hypothesis_test.csv,RQ3,Validated (Phase 4 Modeling),"Chapter 4: report RQ3 Google as strong failure discrimination but sub-15-min lead (median 3.45 min attempt, ~0.5 min collection), met instead on Backblaze; frame via rapid-onset crashes and cross-dataset complementarity. Optionally retrain the at-submission model under a collection-grouped split for a clean collection-level number, though lead time is the binding constraint."
V42,RQ4 Resource-Optimization Result and At-Submission Calibration,Google,"RQ4 evaluated as prediction-informed proactive resource optimization on the held-out test period (schedule days 26-31), at the scheduled-episode grain over a machine sample, scored with the calibrated at-submission ensemble (rq1_google_best_atsubmission). Efficiency = sum(used CPU) / sum(allocated CPU request) per machine and temporal window; the reactive baseline mean is 0.39 (median 0.30 per machine-window), confirming heavy over-provisioning. Three proactive strategies driven by the calibrated probability, each tested against the >25% improvement target with a one-sided Wilcoxon over temporal windows: preemptive migration (Pareto-knee cutoff, flag precision 0.918) median per-window improvement 6.9% (95% CI [5.3, 8.8]); admission control (calibrated 0.5 cutoff, false-defer rate 3.6%) 6.4% (95% CI [5.2, 8.2]); capacity-aware bin packing (high-risk machines only) 1.5% (95% CI [1.2, 1.9]). All fail to reject H0 (p=1). RQ4 25% target is not met on Google.","The reclaimable efficiency is capped by the failure-bound allocation share (~18-20% of total request) and by failing episodes already consuming near-zero CPU (mean used 0.0015 vs request 0.011, V12), so even oracle reclaim yields ~13% pooled and realistic prediction less; the dominant inefficiency is over-provisioning by successful jobs (finishers use ~36% of their request), which failure prediction does not address. Bin packing has the smallest lever, consistent with the intrinsic, resubmission-driven failure model (V09/V36): failures are not machine-caused, so steering off high-risk machines reclaims little. Calibration closes the V37 over-forecasting deferral: isotonic fit on the validation split cut test Brier 0.107 to 0.036 with the raw reliability curve above the diagonal, and the calibrated probabilities are what hold admission control's false-defer rate at 3.6% (a raw-score 0.5 cutoff would over-defer). Inference overhead is negligible (200 us/submission, 27 s total over 6 days), so the modest gains net positive operationally even though the target is unmet.",notebooks/15_rq4_optimization.py; outputs/tables/rq4_google.csv; outputs/tables/rq4_google_hypothesis_test.csv; outputs/figures/rq4_google/,RQ4,Validated (Phase 4 Modeling),"Chapter 4: report RQ4 Google as not met on the 25% target, with the binding constraints being the small failure-bound allocation share and the near-zero usage of failing jobs; present the calibration result (V37 closed) and the strong operational precision (migration 0.918, admission false-defer 3.6%) as the positive contribution. Frame the unmet target via the rapid-onset, intrinsic failure model and cross-dataset complementarity with Backblaze. Optional sensitivity: vary the efficiency window length and the machine sample fraction."
V43,Google Block Freeze,Google,"Google modeling block frozen at tag google_block/v1. The block spans RQ1 (failure prediction, met at early-runtime ~0.95 MCC), RQ2 (conflict resolution, priority inversion meets >0.80 MCC), RQ3 Google (lead time, not met; rapid-onset crashes), RQ4 (resource optimization, not met on the 25% target; calibration closes V37), and the feature-tier ablation. Ablation at the episode grain on the RQ1 instance-keyed group split (test MCC, 95% CI): scheduling-plus-temporal floor 0.813, plus strictly-prior history 0.915, plus early-runtime 0.950, plus windowed utilization 0.969; Tier 2 null-pattern-only 0.268. Confirms the V13 tier hierarchy: strictly-prior resubmission history is the dominant incremental lever, early-runtime adds moderately, utilization marginally, and Tier 2's value is the slope and ramp magnitudes rather than null-as-signal alone.","Freeze marker: no further edits to the Google result tables until the cross-cutting sensitivity analyses and the reporting pass. Result tables (rq1_google, rq2_results, rq3_google, rq4_google with their hypothesis-test siblings, and google_feature_ablation) are snapshotted under outputs/tables/google_block/. The two unmet targets (RQ3, RQ4) are findings consistent with the rapid-onset, intrinsic-failure model (V09/V36) and motivate the Backblaze pairing (gradual SMART degradation), reflecting cross-dataset complementarity (V24).",notebooks/12_rq1_ensemble_google.py; notebooks/13_rq2_conflict.py; notebooks/14_rq3_leadtime_google.py; notebooks/15_rq4_optimization.py; notebooks/18_feature_ablation_google.py; outputs/tables/google_block/,"RQ1, RQ2, RQ3, RQ4",Validated (Phase 4 Modeling),"Proceed to the Backblaze block (RQ1 and RQ3 multi-horizon, then RQ5 drift). Revisit the Google block only in the sensitivity pass (RQ4 efficiency-window-length and machine-sample sensitivity; an optional collection-grouped retrain for RQ3) and the reporting pass."
V44,Backblaze Schema-Evolution Era Census,Backblaze,"Three contiguous SMART schema eras detected from per-quarter availability: early (2013Q2-2014Q1, 5 attributes), standard (2014Q2-2021Q1, 20 attributes including SMART 187 and 188), and recent (2021Q2-2025Q4, 20 attributes with SMART 187/188 declining below the 50% availability bar, about 42% in the recent era per notebook 09, and 2/8/196 added). Era constants added to src/data/schemas.py as BACKBLAZE_ERAS.","Full census over 681,749,417 drive-day rows, 93 distinct SMART IDs, 51 quarters (2013Q2-2025Q4); availability is the non-null fraction at the drive-day grain on smart_{id}_raw columns; eras formed by agglomerative clustering of per-quarter availability vectors into contiguous runs at a 50% presence threshold. Refines the prior three-era hypothesis: boundaries fall at 2014Q2 and 2021Q2 rather than 2015 and 2020, and the recent era is a shifted schema (187/188/190 decline below the 50% bar, 2/8/196 added) rather than an extended one. Top predictors 197 and 5 span all three eras; 198 is absent from the early era at the 50% bar. Within-era availability wobbles (for example 2015Q3-Q4 and 2021Q4-2022Q3), so per-column availability indicators are required in addition to era assignment.",notebooks/07c_backblaze_era_census.py; outputs/tables/backblaze_schema_era_census.csv; outputs/tables/backblaze_eras.csv; outputs/figures/backblaze_schema_evolution.png,"RQ1, RQ3, RQ5",Validated (Phase 3 Data Preparation),Backblaze preprocessing assigns each row its era and gates non-universal SMART columns (notably 187 and 188) with availability indicators; feature engineering conditions era-gated SMART features on availability and does not let rolling windows cross era boundaries. Confirms V16 (SMART 187/188 conditional inclusion) and informs V19 (sliding-window features).
V45,Backblaze Preprocessing Outcome,Backblaze,"HDD-only preprocessed dataset built: 676,445,899 drive-day rows across 486,253 drives (30,801 failed, 455,452 right-censored). SSD exclusion drops 18 model families identified by explicit SSD tokens or part families (SSD, DELLBOSS, MTFDDAK, WDC WDS), keeping early Samsung SpinPoint HDDs (HD103UJ, HD154UI) that a bare-manufacturer match would have wrongly removed. Drive-day de-duplication removes 232,848 exact duplicate rows (8 of them failure rows). Row-level transforms: era assignment, SMART schema reconciliation to the 23 modeled IDs (union of the three eras), availability indicators for the 18 era-gated IDs, drop of normalized siblings, drive-model canonicalization and manufacturer derivation, and a per-drive terminal (censoring) table.","Cleaned failure drive-days total 30,851 versus 30,801 failing drives, the 50-row gap being about 50 drives that carry failure=1 on two distinct days (removed for failure, later reinserted and failed again); both are legitimate denominators (per-drive-day label for RQ1, per-drive event for the survival framing). Per-era SMART 187/188 availability is 9% (early), 66% (standard), 42% (recent), confirming the era-gated indicator handling and the V44 refinement. Fleet expansion preserved (183,140 distinct drives before 2020, 429,343 after). Scale handling: streaming per-file row cleaning, per-file de-duplication and the terminal group-by run in isolated subprocesses (the terminal as a map-reduce over per-file partials) to bound memory on a high-memory runtime.",notebooks/09_backblaze_preprocessing.py; src/preprocessing/backblaze.py; src/data/validation.py; outputs/tables/backblaze_preprocessing_verification.csv; outputs/preprocessed/backblaze/manifest.json,"RQ1, RQ3, RQ5",Validated (Phase 3 Data Preparation),"Feature engineering reads the cleaned per-file Parquet dataset and the terminal table; rolling and lag features sort within each drive group and do not cross era boundaries; target encoding of drive_model uses prior years only. The two failure denominators are carried into Chapter 4 (30,851 failure drive-days for classification, 30,801 failing drives for survival)."
V46,Backblaze Working-Set Definition,Backblaze,"Backblaze feature matrix (146 columns) and horizon-positive working sets built. Positives are every row within a drive's 30-day pre-failure window (the union of the multi-horizon labels), 915,504 rows, which is about 30 times the 30,851 failure-day events. Healthy observations are undersampled to a tractable ratio with build_working_set_backblaze (proportional stratified by drive_model and year, all failures retained): primary 20:1 (19,222,288 rows), sensitivity 10:1 (10,073,758) and 40:1 (37,538,538). Feature engineering runs per drive-hash partition in isolated subprocesses so rolling and lag windows see each drive's full ordered history without a whole-table sort.","The DP's 100:1 / about 3.13M working-set figure assumed failure-event positives; defining positives correctly as the pre-failure windows makes 100:1 intractable (about 92.5M rows on a high-memory runtime). The ratio is therefore set to keep the training set tractable while the positive class is defined correctly for a fails-within-N-days model (RQ1 multi-horizon, RQ3 lead time). Tier features (V14, V15, V19), era-gated SMART 187/188 (V16), and multi-horizon targets (P07) are all present; drive_model target encoding is deferred to modeling (prior years only, V18/O07). Evaluation uses the natural-prevalence 2023-2025 holdout at modeling time; the undersampling affects training only.",notebooks/10_feature_engineering_backblaze.py; src/features/backblaze_smart.py; src/features/sampling.py; outputs/features/backblaze_feature_schema.json; outputs/tables/backblaze_feature_engineering_verification.csv,"RQ1, RQ3, RQ5",Validated (Phase 3 Data Preparation),DP Chapter 3 Sampling Strategy prose updated to the horizon-positive definition and the 20:1 primary ratio. Learning-curve adequacy is assessed on the 20:1 primary set with a baseline LightGBM on a 2023-2025 temporal holdout; the 10:1 and 40:1 sets feed the sensitivity analyses.
V47,Backblaze Working-Set Adequacy,Backblaze,"Baseline LightGBM learning curve on the 20:1 primary working set (30-day horizon, 2023-2025 temporal holdout) asymptotes immediately: MCC about 0.611 at 1% of the training data (104,113 rows) rising only to 0.6124 at 100% (10,411,255 rows), last increase 0.0009 with overlapping 95% bootstrap intervals; PR-AUC 0.60 to 0.62. The working set is adequate and sample size is not the bottleneck; the curve is flat by 1%.","The flat curve sits at a moderate MCC (about 0.61), not near 1.0, so there is no trivial leakage; the SMART feature signal is quickly learnable and caps around 0.61 for an untuned baseline, which makes model tuning, the ensemble, and per-model or per-horizon stratification the levers rather than training-data volume. PR-AUC 0.62 against a 4.4% base rate confirms real discrimination. MCC here is measured on the 20:1 undersampled holdout, a consistent basis for the sample-size question; honest RQ1 performance at natural prevalence (about 0.14% positive) is reported by the tuned models.",notebooks/11_preprocessed_eda_backblaze.py; outputs/tables/backblaze_learning_curve.csv; outputs/figures/learning_curve_backblaze.png,"RQ1, RQ3",Validated (Phase 3 Data Preparation),"Proceed to Backblaze RQ1 modeling on the 20:1 set with tuning and the full ensemble, reporting MCC, PR-AUC, and F1 at natural prevalence on the 2023-2025 holdout. If MCC caps well below the 0.90 RQ1 target, treat it as a dataset-level finding (moderate SMART discriminability) analogous to the unmet Google RQ3/RQ4 targets, with multi-horizon and per-model stratification as levers."
V48,Evaluation Protocol,Backblaze,"Report RQ1 and RQ3 at natural class prevalence. A 2023-2025 test set (311,209,261 drive-day rows; failure-day rate 0.0043%; horizon-positive rates 0.032% at 7d, 0.060% at 14d, 0.125% at 30d) and a 2022 validation set at natural prevalence are feature-engineered from the cleaned data and never undersampled, while the 20:1 working set is training-only. The operating threshold and probability calibration are fit on the natural-prevalence 2022 validation rather than the undersampled working set.","MCC and PR-AUC are prevalence-sensitive, so scoring on the undersampled working set overstates performance and the V47 learning-curve MCC of about 0.61 is an undersampled-prevalence figure. Uniform prevalence-preserving sampling of the test preserves the class balance while making the bootstrap CI computable. Per-partition feature engineering in isolated subprocesses bounds memory over the 311M-row test.",notebooks/10b_backblaze_natural_test.py; notebooks/10c_backblaze_natural_val_2022.py; outputs/tables/backblaze_natural_test_verification.csv,"RQ1, RQ3, RQ5",Validated (Phase 4 Modeling),"Train on working-set years <= 2021, fit threshold and calibration on the natural-prevalence 2022 validation, and report on the natural-prevalence 2023-2025 test; reuse the test and the calibrated checkpoint for RQ3 and the RQ5 drift work."
V49,RQ1 Backblaze Result,Backblaze,"RQ1 Backblaze multi-horizon ensemble (7, 14, 30 day) does not meet the >0.90 MCC target at natural prevalence. Best natural-prevalence MCC (soft-voting stack) is 0.151 at 7d, 0.180 at 14d, and 0.200 at 30d (95% CI [0.191, 0.206] at 30d); best PR-AUC is 0.084, 0.099, 0.114 against random baselines of 0.00032, 0.00060, 0.00125 (about 90 to 260 times above chance). MCC rises with horizon and 0 of 21 model-horizon cells clear 0.90.","Cost-sensitive learners (random forest, balanced random forest, XGBoost, LightGBM) plus soft voting over about 134 numeric features, trained on years <= 2021, with threshold and isotonic or Platt calibration fit on the natural-prevalence 2022 validation and evaluation on the natural-prevalence 2023-2025 test. The drive-model failure-rate prior (target encoding fit on years <= 2021) lifted MCC only marginally through the operating point and left PR-AUC essentially unchanged, so encoding model identity does not recover the single-model advantage at the fleet grain (resolves O07). Logistic regression collapses to about 0 MCC. Consistent with the flat V47 learning curve at moderate MCC, the ceiling is dataset discriminability at natural prevalence, not sample size or leakage, since a leak would read near 1.0.",notebooks/12_rq1_ensemble_backblaze.py; outputs/tables/rq1_backblaze.csv; outputs/tables/rq1_backblaze_hypothesis_test.csv; outputs/figures/rq1_backblaze/,RQ1,Validated (Phase 4 Modeling),"Chapter 4: report RQ1 Backblaze as not met at natural prevalence, a dataset-level moderate-discriminability finding analogous to the unmet Google RQ3 and RQ4 targets; present MCC as the operating-point number alongside PR-AUC as the strong relative-ranking number and note cross-dataset complementarity (V24). The best calibrated 14-day model is checkpointed for the RQ5 drift work."
V50,RQ1 Evaluation-Design Decomposition,Backblaze,"The gap between the fleet-wide natural-prevalence MCC of about 0.20 and prior Backblaze studies reporting MCC 0.94 to 0.98 is decomposed with the same pipeline on a single high-volume model (ST4000DM000, 14-day horizon, soft-voting stack): fleet-wide natural 0.20, single-model natural 0.22, single-model temporal split at a 14:1 test 0.555, and single-model in-era random split at a 14:1 test 0.715 (PR-AUC 0.834). The residual to about 0.95 is the per-drive block standardization and five-feature hand-selection used by prior work and not adopted here.","Test-set balancing from natural to 14:1 is the dominant inflator (about +0.33 MCC); in-era random splitting versus a temporal split adds about +0.16 by removing drift and survivor-population effects; single-model selection alone adds little at natural prevalence (about +0.02). PR-AUC 0.834 under the prevailing protocol confirms the pipeline ranks failures strongly, so the low fleet-wide natural number reflects evaluation rigor rather than weaker modeling. Reference protocols: Zhang et al. (2023), single model at 14:1 to balanced test sets; Huang et al. (2024), single-model remaining-useful-life multiclass with per-drive block standardization.",notebooks/12b_backblaze_bridge_singlemodel.py; outputs/tables/rq1_backblaze_bridge.csv,RQ1,Validated (Phase 4 Modeling),"Chapter 4 and the defense: use the decomposition to defend the unmet RQ1 Backblaze target as a consequence of rigorous evaluation, citing Zhang et al. (2023) and Huang et al. (2024) as single-model balanced-test protocols; position the fleet-wide natural-prevalence result as the deployment-realistic number under TRIPOD+AI."
V51,RQ3 Backblaze Result,Backblaze,"RQ3 Backblaze lead time, framed as the maximum days-ahead horizon that sustains MCC > 0.80 at natural prevalence, is not met: no model clears 0.80 at any horizon up to 30 days. Best is the soft-voting stack at the 30-day horizon, MCC 0.200 (95% CI [0.191, 0.207]) and PR-AUC 0.114; MCC increases monotonically with horizon (7 < 14 < 30). The 15-minute lead-time target clears trivially because daily telemetry provides days of warning at every horizon. Survival denominators from the per-drive terminal table: 30,801 observed failures and 455,452 right-censored drives across 486,253 drives. Days-to-failure over observed failures (observed span from first monitoring) has median 998 days, IQR 474 to 1671, range 0 to 4299, consistent with gradual aging across a wide tenure.","The discrimination bar, not the horizon, is the binding constraint, the mirror image of Google RQ3 (V41) where discrimination is strong but rapid-onset crashes cap the lead time at seconds to minutes. Cross-dataset complementarity (V24): gradual SMART degradation yields long horizons at modest discrimination while rapid-onset crashes yield strong discrimination at short lead time, and neither dataset delivers both. Resolves O09 (survival framing): the terminal table observed_span_days supports a days-to-failure view over the observed failures.",notebooks/14_rq3_leadtime_backblaze.py; outputs/tables/rq3_backblaze.csv; outputs/tables/rq3_backblaze_hypothesis_test.csv,RQ3,Validated (Phase 4 Modeling),"Chapter 4: report RQ3 Backblaze as a long-horizon but modest-discrimination lead-time result, met on the 15-minute target and not on the MCC > 0.80 discrimination bar; pair with Google RQ3 for the cross-dataset lead-time versus discrimination trade-off. The Backblaze RQ1 and RQ3 block is complete; proceed to the RQ5 concept-drift analysis using the calibrated 14-day checkpoint."
V52,RQ5 Online-Learning Machinery,Backblaze,"Drift-detection and online-learning modules built and tested for the concept-drift analysis. src/evaluation/drift_detectors.py exposes four detectors behind one update/drift_detected/warning_detected/reset interface: ADWIN and Page-Hinkley over a per-observation loss stream (sudden drift), and KS and PSI over a reference-versus-sliding feature window (gradual drift). src/models/online.py exposes River wrappers (Adaptive Random Forest, Hoeffding Adaptive Tree, online AdaBoost over Hoeffding trees, incremental logistic regression) and an online soft-voting ensemble behind one learn_one/predict_proba_one/predict_proba/save/load interface with checkpoint-and-resume. Two detector defaults are tuned to the data rather than taken from the library: Page-Hinkley (delta 0.01, threshold 15) and a PSI small-window guard that refuses configurations where its own bands would be sampling noise.","Page-Hinkley on a Bernoulli loss stream is a random walk whose excursions above the running minimum are exponential with scale p(1-p)/(2 delta); at a 5% error rate the library-typical delta 0.005 with a threshold near 5 crosses on noise within a few hundred observations, so the defaults keep a stationary stream quiet while still detecting a 5% to 60% jump within about 30 observations. PSI has a sampling-noise floor of about (n_bins-1)(1/n_ref + 1/n_win); a 30-observation 10-bin window has an expected null PSI near 0.6 against a 0.25 drift band, so the detector refuses it. Both behaviors are pinned by tests. River is pinned below 0.23 to hold the numpy ceiling shared by the pickled RQ1 ensembles. Prequential ordering (predict before learn) is enforced structurally: learn_one returns self and never a prediction.",src/evaluation/drift_detectors.py; src/models/online.py; tests/test_drift_detectors.py; tests/test_online.py; requirements.txt,RQ5,Validated (Phase 7 Operation and Maintenance),"Reused unchanged by the drift-simulation notebook. The tuned detector defaults are a process decision and carry no committee-visible finding beyond the guard against noise-driven drift events; record them so a later default change is a deliberate act."
V53,RQ5 Online-Boosting Substitution,Backblaze,"River implements online bagging and online boosting (incremental AdaBoost) but no online gradient boosting, so the boosting arm of the online-learning family is operationalized as incremental AdaBoost over Hoeffding trees rather than online gradient boosting. The wrapper is named for what it computes (online boosting), so the substitution is visible in the code and not only in the prose.","The methodology library table lists online gradient boosting among the RQ5 learners; no maintained River release provides it. Incremental AdaBoost is the boosting mechanism River offers and is consistent with the online-learning framing of boosting (Freund and Schapire, 1997), which the theoretical framework already cites under Online Learning. The headline adaptive learner in the simulation is the Adaptive Random Forest; the boosting wrapper is available for the ensemble and sensitivity work.",src/models/online.py; tests/test_online.py,RQ5,Validated (Phase 7 Operation and Maintenance),"Adjust the Chapter 3 library-table wording from online gradient boosting to incremental AdaBoost (online boosting) for the online-learning stack, and note the substitution and its citation in the Chapter 4 methods paragraph."
V54,RQ5 Result,Backblaze,"RQ5 sustained-MCC target of 0.85 not met in any of six cells (three starting years 2015, 2018, 2021 by static baseline versus incremental online learner), best time-averaged MCC 0.184 (2021 static baseline, which is the RQ1 checkpoint). The substantive result is the adaptive-versus-static comparison under drift: every frozen static baseline degrades over the 2023-2025 evaluation window (fixed-prevalence slope -0.0017 to -0.0023 MCC per month) while the incremental learner is flat (-0.0001 to +0.0006 per month). The static 2021 model starts at MCC 0.227 in early 2023 and decays to 0.095 by late 2025; the online learner starts lower at 0.106 and holds near 0.073. The static baseline wins on absolute level in every cell (online-learner mean-MCC gain -0.019, -0.005, -0.085) but not on stability; the sustainment window against a reachable reference (80% of each model's own initial MCC) favors the online learner in 2018 (3 versus 0 months) and 2021 (6 versus 3) and the static in 2015 (0 versus 2).","Evaluated at natural prevalence per V48 on the 2023-2025 test, threshold and calibration fit on the natural-prevalence 2022 validation, one drive-level stratified subsample of the 20:1 working set streamed in date order (1,155,299 rows over 28,961 drives, 6% of drives, each drive's full history retained). The 2021 static baseline reproduces the RQ1 checkpoint (pooled MCC 0.179 versus the reported 0.180), confirming the handoff. The 0.85 target is unreachable because RQ1 caps near 0.20 MCC at natural prevalence (V49), so no model starts within range; reported honestly and not manufactured by rebalancing. The contribution is the degradation contrast: adaptation does not raise the ceiling but removes the staleness that erodes a frozen model. The drive-level subsample and the two-strategy grid (static and incremental) are stated limitations.",notebooks/16_rq5_online.py; outputs/tables/rq5_sustained_mcc.csv; outputs/tables/rq5_adaptive_vs_static.csv; outputs/tables/rq5_monthly_trajectory.csv; outputs/tables/rq5_drift_events.csv; outputs/figures/rq5/,RQ5,Validated (Phase 7 Operation and Maintenance),"Chapter 4: report RQ5 0.85 as not met, an information-ceiling consequence of the RQ1 discriminability limit, and lead the contribution with the adaptive-versus-static degradation comparison and the custom RQ5 metrics (degradation rate, sustainment window against a reachable reference). Chapter 5: frame adaptation as staleness mitigation rather than ceiling-raising. Periodic-retraining and drift-triggered strategies remain available as an extension if a fuller grid is wanted."
V55,RQ5 Drift Characterization,Backblaze,"The temporal change acting on the Backblaze models over 2023-2025 is dominated by prior shift and fleet composition, not by covariate shift in the SMART value distributions. The natural failure-day rate declines about threefold across the window (0.00047 in January 2023 to 0.00016 in December 2025); because MCC is prevalence-sensitive every monthly MCC is reported both raw and at a fixed prevalence, and only the fixed-prevalence series supports a drift claim. Fleet turnover is moderate: 95 drive models in the training years, 76 in the evaluation window, 16.93% of evaluation drive-days from models absent from training. Central-tendency covariate drift in the top SMART features is negligible (standardized monthly distance from the training profile 0.03 to 0.06; KS statistics near 0.01). No recurring drift within the observation window (the standardized distance drifts and does not return). The 2021Q2 schema boundary is a gradual availability decline of SMART 187 and 188 (populated rate about 0.56 before and 0.44 after, straddling the 50% bar and already dipping below it in individual months as early as 2013), not a clean sudden event, so it is not a crisp ground-truth onset for detection latency; the drive-model-composition feature is the earliest and strongest covariate signal (KS 0.36, PSI 0.90, leading the nominal boundary).","The four canonical drift subtypes characterized against the evidence rather than assumed. Sudden: the schema-era availability shift (V44) is gradual and specific to 187/188 rather than a fleet-wide cliff, which softens the sudden-drift framing the analysis was designed around. Gradual: fleet turnover, 16.93% unseen-model drive-days. Incremental: the standardized SMART profile drifts slowly without return. Recurring: absent within the window, a legitimate null finding, so the recurring-drift mitigation could not be empirically validated. Prior shift is separated from covariate drift throughout via the fixed-prevalence MCC. The value-distribution detectors (KS, PSI) drop nulls by construction and so understate an availability shift; an availability-rate monitor measures the schema drift directly. The first cosine-similarity recurrence metric was degenerate (dominated by large-magnitude raw counts, identically 1.0) and was replaced by a per-feature standardized distance.",notebooks/16_rq5_online.py; outputs/tables/rq5_prior_shift.csv; outputs/tables/rq5_covariate_drift.csv; outputs/tables/rq5_availability_drift.csv; outputs/tables/rq5_recurring_distance.csv,RQ5,Validated (Phase 7 Operation and Maintenance),"Chapter 4: characterize the four drift subtypes with prior shift and fleet composition as the dominant temporal changes, the schema-era availability shift as gradual rather than sudden, and recurring drift as absent; state that an availability-rate monitor, not a value-distribution test, is the correct instrument for a schema or missingness shift."
V56,Cross-RQ Hypothesis-Test Aggregation,Cross-cutting,"The family-wise correction operates on one primary test per research question (five total), designated before correction: RQ1 the Google failure-prediction MCC at the early-runtime prediction point against 0.90 (0.9476, CI [0.9463, 0.9491], reject), RQ2 the priority-inversion classifier MCC against 0.80 (0.8622, CI [0.8108, 0.9068], reject), RQ3 the Google collection-level lead time against 15 minutes (0.511 minutes, fail to reject), RQ4 the best proactive strategy efficiency improvement against 25 percent (6.93 percent median, fail to reject), and RQ5 the best strategy time-averaged MCC against 0.85 (0.184, fail to reject). Dataset-level and prediction-point alternates are reported as secondary and excluded from the family: RQ1 Google at-submission (0.9006, CI low 0.8988, fail) and at-scheduling (0.9024, CI low 0.9004, reject), RQ1 Backblaze 14-day (0.180, fail), RQ3 Backblaze best-horizon MCC against 0.80 (0.200, fail), and the 15-minute lead-time target on daily telemetry (clears trivially). Holm-Bonferroni and Benjamini-Hochberg both reject two of the five primaries and agree with the CI rule on all five, so the correction changes no primary decision and bears materially only on the two marginal secondary Google cells.","The locked decision rule is CI-based, rejecting only when the 95 percent bootstrap interval clears the target, and returns no p-value, but the family-wise correction needs an ordering. Resolution: the reusable primitive is a one-sided bootstrap threshold p-value in the metrics module, defined as the share of bootstrap resamples that fail to clear the target, read off the same resample distribution the interval is cut from and unit-tested. At the aggregation layer the frozen per-question tables expose only the point estimate and its percentile interval, so each family p-value is derived from that interval by a normal-tail approximation with SE equal to (ci_high minus ci_low) divided by (2 z) against the target; this reuses only frozen numbers and leaves every published point estimate untouched. All five primary outcomes are decisive, so no p-value method could move a Holm or Benjamini-Hochberg decision and the approximation is a labeling convenience. The resource-optimization question carries its own Wilcoxon p, surfaced alongside. Aggregation reconciles each stored decision by re-running the CI rule on the stored estimate and interval and halts on any disagreement; none occurred.",notebooks/17_hypothesis_testing.py; src/evaluation/metrics.py (bootstrap_threshold_pvalue); outputs/tables/hypothesis_tests.csv; outputs/tables/rq1_google_hypothesis_test.csv; outputs/tables/rq2_hypothesis_test.csv; outputs/tables/rq3_google_hypothesis_test.csv; outputs/tables/rq3_backblaze_hypothesis_test.csv; outputs/tables/rq4_google_hypothesis_test.csv; outputs/tables/rq5_sustained_mcc.csv,RQ1-RQ5,Validated (Phase 5 Evaluation),"Chapter 4: report the five primary outcomes with raw and both corrected p-values side by side; present the two rejections (early-runtime failure prediction and priority-inversion resolution) and the three fail-to-reject results (lead time, efficiency improvement, sustained MCC under drift) as designed outcomes; state that the correction leaves all five primary decisions unchanged and pressures only the marginal at-submission and at-scheduling secondary cells."
V57,RQ1 Backblaze Feature Ablation and Working-Set Sensitivity,Backblaze,"At the 14-day horizon, scored at natural prevalence on the 2023-2025 test, a fixed LightGBM feature-tier ablation gives MCC 0.142 for the base arm (raw SMART readings plus the zero-inflation, onset-timing, manufacturer and capacity Tier 1 signals), 0.173 adding the Tier 2 rolling, quantile and rate-of-change dynamics, 0.164 adding the Tier 3 drive and fleet age and era features (a slight non-significant decrease, so Tier 3 adds no 14-day discrimination), and 0.178 adding the drive-model prior. The prior lifts MCC by about 0.014 while PR-AUC moves only from 0.086 to 0.090, so the leakage-safe drive-model prior acts mainly through the operating point rather than the ranking; this reconciles its top SHAP attribution with modest incremental value, drive identity being heavily used but largely redundant with SMART state for ranking. The working-set ratio is a training-side knob only: the fixed three-member soft-voting stack retrained on the 10x, 20x and 40x training sets and scored on the identical natural-prevalence test gives MCC 0.183, 0.179 and 0.178, and the 20x re-run reproduces the frozen RQ1 value (0.179 versus 0.180). Both paired-bootstrap difference intervals against 20x straddle zero (10x +0.004, CI [-0.001, 0.011]; 40x -0.000, CI [-0.006, 0.006]), so the working-set choice does not bias the result.","The prior is fit on the full training-years pool rather than the class-capped training subsample, and negatives are drawn uniformly rather than by bucket order. An earlier configuration that fit the prior on the 26-percent-positive capped pool and took the first rows of each bucket halved every MCC and produced a spurious working-set effect, caught by the consistency check that the 20x re-run must reproduce the frozen 0.180. The ablation holds the learner and hyperparameters fixed and varies only the feature set, with tiers following the SMART feature module. The sensitivity difference intervals are paired: every branch scores the same natural-test sample and the difference is taken within each bootstrap resample, isolating the working-set effect from resample noise.",notebooks/18_feature_ablation_backblaze.py; outputs/tables/backblaze_feature_ablation.csv; outputs/tables/sensitivity_analyses.csv; outputs/figures/backblaze_sensitivity/,RQ1,Validated (Phase 5 Evaluation),"Chapter 4: report the Tier 2 rolling dynamics as the main engineered lift, the Tier 3 age and era features as non-contributory to 14-day discrimination, and the drive-model prior as an operating-point lever (MCC up, PR-AUC flat) consistent with its SHAP prominence; report the working-set ratio as a confirmed non-source of bias. Remaining Phase 5 sensitivity branch: the Google Production-EVICT relabeling."
