mcc,mcc_ci_low,mcc_ci_high,mcc_fixed_prev,f1,f1_ci_low,f1_ci_high,pr_auc,pr_auc_ci_low,pr_auc_ci_high,prevalence,n,flag_rate,starting_year,strategy,month
0.0629509558124484,0.025948444315044276,0.10830755023376291,0.0716685237549063,0.04142011834319527,0.0174343853820598,0.0704074151654797,0.0542329110949458,0.009104591060729895,0.1504590219079492,0.000472561876070648,84645,0.0035205859767263275,2015,incremental_online,2023-01-01
0.10516841281401833,0.05411306619196318,0.15082045316882797,0.11164484777459924,0.0670391061452514,0.03602534285026866,0.09632412116919907,0.032728640761769484,0.009567649902022989,0.09780394640958869,0.0005239785692765166,76339,0.004165629625748307,2015,incremental_online,2023-02-01
0.10688507852341396,0.065131364798063,0.15325715393808872,0.07764349514853996,0.07674943566591422,0.048734684529943895,0.11018682995130721,0.020880590241941655,0.012585743482898792,0.040931735535017846,0.0007665275124413312,84798,0.004457652303120356,2015,incremental_online,2023-03-01
0.11216886441941548,0.07732948831992184,0.14605405058489782,0.0842028687224592,0.07387140902872777,0.05319786445848769,0.09595344271277244,0.023415171207814653,0.01419563282793347,0.038987612753747354,0.0010926462367230776,78708,0.008194846775423082,2015,incremental_online,2023-04-01
0.0938165911288617,0.06778935789051811,0.12260325945369063,0.08395306017503426,0.050880626223091974,0.03725490196078431,0.06641932209645669,0.029099207826667858,0.014405006421904341,0.08240868348961541,0.0008922260460481338,86301,0.010950046928772552,2015,incremental_online,2023-05-01
0.08463988515522228,0.05566124551174645,0.11497474107140342,0.06409989776558635,0.0521978021978022,0.03465638998682477,0.07041253182532414,0.021026941676266758,0.011050636240245064,0.050441859435821676,0.0008747124233128835,83456,0.007848447085889571,2015,incremental_online,2023-06-01
0.06561080231165563,0.0370560901117738,0.09845684411207013,0.0691475181066637,0.03385049365303244,0.019416132887510238,0.0498807812335636,0.008624443687264605,0.004621320823849729,0.018354875439075366,0.0005450643289463225,88063,0.007505990029864983,2015,incremental_online,2023-07-01
0.0828961570371145,0.04450801921828427,0.12599572004748413,0.07514151816205603,0.059770114942528735,0.032935404068169326,0.09012541953718425,0.019348538343450735,0.010379678880976555,0.039634679096282724,0.0006913388208352237,92574,0.004007604727029187,2015,incremental_online,2023-08-01
0.11096473924734478,0.08013278157288453,0.14212518040106492,0.11261071936388876,0.04933586337760911,0.03584234329729347,0.06313455789083752,0.08460955363153613,0.03530632954435114,0.17384249580914976,0.0005912605004518123,89639,0.011167014357589888,2015,incremental_online,2023-09-01
0.134665596029175,0.10196261485854283,0.1770322284489209,0.11647105051061392,0.07930607187112763,0.06112537208334667,0.10553680931832193,0.06481520525386446,0.03644794023075031,0.13896583527894285,0.0007950895270807493,94329,0.007760073784308113,2015,incremental_online,2023-10-01
0.10943139036827187,0.07277818257216061,0.14821239396852828,0.1109193864834028,0.0650887573964497,0.044005219944538085,0.08804066226688644,0.02877550328860622,0.016647785377084435,0.052996144760762635,0.0006885348194209853,92951,0.006584114210713171,2015,incremental_online,2023-11-01
0.05784023703536981,0.02505955930126327,0.08894726383705207,0.07057844334650362,0.029173419773095625,0.013173706967792156,0.044322053585256316,0.008914974281073906,0.004287533275769226,0.02053734556282056,0.0004180558313562776,95681,0.0060304553673143045,2015,incremental_online,2023-12-01
0.1334851859233612,0.09544173862801644,0.18035072793029414,0.12070295527788179,0.0975609756097561,0.069054651985049,0.1317059454733328,0.0529598049178238,0.02310609960094131,0.1181605534620266,0.0007818527853505478,97205,0.0042796152461293145,2015,incremental_online,2024-01-01
0.07386178334041962,0.03619790474789751,0.11308920267264207,0.06827689294832175,0.055710306406685235,0.02784558756007224,0.0854781054512958,0.021481887544299107,0.013047979223745843,0.044763511987997204,0.0006417438028214973,91937,0.003263104082143207,2015,incremental_online,2024-02-01
0.0980106979263271,0.06813901399006778,0.13314756247665618,0.10894100630025243,0.03905614320585842,0.027277970751147153,0.052812223147377185,0.014670190046044529,0.008467766080281948,0.03086632160397945,0.0004894958193061147,100103,0.01178785850573909,2015,incremental_online,2024-03-01
0.09843017366301465,0.06186437165814274,0.1274571901550544,0.11400437511057011,0.04481132075471698,0.0286498298939631,0.05802675585284282,0.1060276116251216,0.03178789108241093,0.19867404695539592,0.00046169472744621255,97467,0.00823868591420686,2015,incremental_online,2024-04-01
0.07403870042638162,0.045122464466565745,0.11181277549498701,0.07719464282080206,0.048411497730711045,0.02989301517536305,0.073629918699187,0.023247221025283503,0.01193605658715654,0.06344262142029665,0.0007514633760480937,101136,0.005784290460370194,2015,incremental_online,2024-05-01
0.12545255296295474,0.08048422611204005,0.16352933388712554,0.1210855430731749,0.07114624505928854,0.04711417223553146,0.09249048206678229,0.10508458833827451,0.039951970386647655,0.198176804094002,0.0006595502881727413,98552,0.007041967692182807,2015,incremental_online,2024-06-01
0.11700647179328928,0.07996367027995564,0.15283646395201503,0.10201658380681031,0.07673860911270983,0.05313849408227129,0.09976881957784964,0.043991025844357025,0.02441634033649391,0.07922625057591703,0.000956564177647633,102450,0.0071839921913128355,2015,incremental_online,2024-07-01
0.08138930437747255,0.05644672297737134,0.10336888262464348,0.07838023689161208,0.04284490145672665,0.030313161789235606,0.05469110649479777,0.014359544035817188,0.009390483034120687,0.025770832790204395,0.0007932208636433988,103376,0.01049566630552546,2015,incremental_online,2024-08-01
0.09009754479702141,0.061939682191333,0.12174468497106973,0.09248721811161208,0.04056437389770723,0.028236200988988543,0.054411284826038596,0.01721500488656973,0.01108445828657135,0.030318727197588612,0.0005753568700586269,100807,0.010673861934191078,2015,incremental_online,2024-09-01
0.07600509284579127,0.03625816222768874,0.1202285941168468,0.08490672944528038,0.04899777282850779,0.024991645781119464,0.07886522786012504,0.029245158716212125,0.010363303413508131,0.07389767357463776,0.0004895044487316076,104187,0.003820054325395683,2015,incremental_online,2024-10-01
0.07324055193126291,0.03936352754726456,0.10750606507138076,0.08216170330675311,0.038980509745127435,0.02165994978858351,0.057149692412850304,0.017982557266949042,0.0074345796533625205,0.044189407155572825,0.0004798652460043873,102112,0.006052178000626763,2015,incremental_online,2024-11-01
0.11131962327783544,0.07139473848875424,0.15519338706327468,0.1164829693727655,0.0625,0.040991125586398544,0.08798951548023773,0.026559517414362174,0.015784046345921697,0.06011605385561599,0.0005513606459330143,107008,0.006027586722488038,2015,incremental_online,2024-12-01
0.12210256797848235,0.08303396361803238,0.17009369257686904,0.11509806638873944,0.09072164948453608,0.062227857179447774,0.12462145031063714,0.05749359259970347,0.030400134816823604,0.11186222632496116,0.0007205076807966229,108257,0.003759572129284942,2015,incremental_online,2025-01-01
0.09228798723690021,0.06075689375268876,0.12461722565784487,0.0836371944730012,0.04932735426008968,0.03414071510957325,0.06710184452263915,0.02373994550105954,0.01506364548137594,0.04354515296183082,0.0006645454911595312,99316,0.008316887510572314,2015,incremental_online,2025-02-01
0.12903803740060785,0.08441916845853836,0.17660828451151228,0.11543816591933734,0.11726384364820847,0.07665911756379666,0.16031218104388836,0.1041316452020458,0.05067162471177057,0.17829820968238574,0.0007847523520020205,110863,0.001984431234947638,2015,incremental_online,2025-03-01
0.07813796380179872,0.04076122206248681,0.1146513891217748,0.09657804281936012,0.039816232771822356,0.020888598245883985,0.057939697497624336,0.016414976801927834,0.007612476526251952,0.04204936792591054,0.0004070568861998464,108093,0.005634037356720602,2015,incremental_online,2025-04-01
0.12122826683972633,0.08286126045394532,0.16862346307672924,0.13954056747732033,0.07251908396946564,0.04999282982791587,0.10123174988294387,0.04421518934863693,0.01898033887021477,0.12745196318825971,0.00045543440405068717,111981,0.004223930845411275,2015,incremental_online,2025-05-01
0.1358053813760559,0.0934165386883964,0.17791812655936656,0.15606923235537432,0.08247422680412371,0.057468785189110416,0.10693783811370827,0.06902876057798782,0.032381456399869356,0.15720482974423805,0.0004444928246158312,110238,0.003955079010867396,2015,incremental_online,2025-06-01
0.13389235971617144,0.09073601509581568,0.16837972265520118,0.1393641362882318,0.08617594254937164,0.058384937383242234,0.10772477170866539,0.04046001714256505,0.023350168016022944,0.09080888944121293,0.00055685585264202,114931,0.00428953023988306,2015,incremental_online,2025-07-01
0.07666860349388674,0.05107107322266069,0.10593282150477165,0.08084653888575057,0.038876889848812095,0.026483552274454456,0.0535820909360629,0.018143287599864152,0.008301560232412845,0.041976491310083845,0.0005316969850166046,114727,0.007539637574415787,2015,incremental_online,2025-08-01
0.04895897999622209,0.02085951757780221,0.07848574534239702,0.05370975845058364,0.0379746835443038,0.016858922008983257,0.06077834049634484,0.01074935143403884,0.006186686932078209,0.021274013512602042,0.000720775233807028,112379,0.00349709465291558,2015,incremental_online,2025-09-01
0.07441854288460242,0.048225787014903126,0.11552694413479916,0.0787088325091576,0.040236686390532544,0.0263019228398866,0.06029525162337663,0.02787117669640618,0.012416281548162605,0.07689311786250792,0.0005397291234461705,118578,0.006586381959554049,2015,incremental_online,2025-10-01
0.07479860701153458,0.03326894881532145,0.11259963360764093,0.11076032308655615,0.04,0.01834548912248438,0.060002187104223156,0.028029417354827068,0.0056194827402118236,0.09831858480327929,0.00029211127721360207,116394,0.003574067391789955,2015,incremental_online,2025-11-01
0.046744374092501935,-0.00036402794437476085,0.09796328814278563,0.09113268286224419,0.03508771929824561,0.0,0.0750158403294789,0.014610732560505131,0.003757994535156654,0.06411480959126364,0.0001578099303975149,120398,0.0007890496519875745,2015,incremental_online,2025-12-01
0.25808600044869745,0.0908745183472738,0.42153488345139745,0.2827243881660921,0.17391304347826086,0.046485200845665965,0.3336538461538462,0.15598145468655483,0.058343118897456796,0.28299153625784707,0.000472561876070648,84645,0.0000708842814105972,2015,static_baseline,2023-01-01
0.23817043250841635,0.07009438587469959,0.3814866868547548,0.23813899222675508,0.19607843137254902,0.044353741496598646,0.33349056603773586,0.12416214247188151,0.03297555566687945,0.2515966712183058,0.0005239785692765166,76339,0.00014409410655104207,2015,static_baseline,2023-02-01
0.08747454330966313,-0.00026903145639253843,0.20652945601631503,-0.00020840438886955587,0.0547945205479452,0.0,0.13513513513513514,0.03529845007248016,0.015029161430237272,0.09037456791853316,0.0007665275124413312,84798,0.00009434184768508692,2015,static_baseline,2023-03-01
0.043759519315668925,-0.00033395887770984694,0.13629432277607173,0.058730005318312975,0.021739130434782608,0.0,0.08165369240479697,0.04110317107905175,0.018680936443515598,0.1004338142931952,0.0010926462367230776,78708,0.00007623113279463333,2015,static_baseline,2023-04-01
0.1799566772793872,0.046297417038378565,0.28827080681293,0.10464313079824679,0.11494252873563218,0.024096385542168676,0.20480816226783977,0.0823390821402541,0.032040209218130195,0.16861606476308832,0.0008922260460481338,86301,0.00011587351247378362,2015,static_baseline,2023-05-01
0.19449934189795445,0.07765794963126667,0.2960678331676973,0.20189274433280904,0.13953488372093023,0.048765794886864534,0.21535923753665698,0.11177403263420066,0.05081229769892551,0.19301487385030053,0.0008747124233128835,83456,0.0001557707055214724,2015,static_baseline,2023-06-01
0.04540971468527454,-0.0002837587537235415,0.14414820201775963,0.04538256217225942,0.034482758620689655,0.0,0.10526315789473684,0.013073039137769258,0.0056424565349201105,0.043220689557416446,0.0005450643289463225,88063,0.00011355506853048385,2015,static_baseline,2023-07-01
0.11835944756311975,-0.00022872654616545672,0.24247060238031118,0.08887575880278983,0.08108108108108109,0.0,0.16464897260273978,0.08323123063174098,0.032542162063578496,0.16218212018808673,0.0006913388208352237,92574,0.0001080216907555037,2015,static_baseline,2023-08-01
0.17144182912247657,0.048126895248261435,0.28337761781915066,0.17143435026933224,0.14492753623188406,0.03273644388398487,0.25,0.083127019812469,0.03740836233084857,0.1731548547839119,0.0005912605004518123,89639,0.00017849373598545276,2015,static_baseline,2023-09-01
0.24351524299713567,0.1307446668065162,0.3521151802417292,0.1871552404259702,0.16279069767441862,0.07587990120407534,0.26373626373626374,0.1345393024633195,0.07100205863073838,0.22551585140052113,0.0007950895270807493,94329,0.0001166131306385099,2015,static_baseline,2023-10-01
0.17660166746581543,0.047035813846298374,0.3119438087121136,0.187152858175484,0.1111111111111111,0.028169014084507043,0.21665496665496678,0.03999698787292201,0.012583963479921257,0.10910265752610011,0.0006885348194209853,92951,0.00008606685242762316,2015,static_baseline,2023-11-01
0.1265615283174039,-0.00023839452121007015,0.27605595081106277,0.16749418235021504,0.1111111111111111,0.0,0.2377195685670263,0.021025297516744132,0.002555331074141555,0.08896575527456344,0.0004180558313562776,95681,0.00014631954097469717,2015,static_baseline,2023-12-01
0.10224724730695851,0.026651005857586042,0.2071549214255708,0.08929348687051103,0.08333333333333333,0.021270996640537512,0.1703263788473456,0.0594813954173114,0.03449887481140035,0.13332338499298707,0.0007818527853505478,97205,0.00020575073298698628,2015,static_baseline,2024-01-01
0.13418895748419135,0.037236995941831684,0.2433924015586484,0.13775105130105522,0.10810810810810811,0.028149720239243683,0.20266315962518497,0.062202884094807884,0.016541229748387103,0.12990493075121853,0.0006417438028214973,91937,0.00016315520410716035,2015,static_baseline,2024-02-01
0.03437095719439982,-0.00032810763352287615,0.1069859348636633,0.03786981662717276,0.030303030303030304,0.0,0.09234375000000002,0.023666948128613172,0.006563010498812223,0.07568534999365292,0.0004894958193061147,100103,0.00016982508016742754,2015,static_baseline,2024-03-01
0.10233143028665621,-0.0002840704046504008,0.18634083613946448,0.11148662610786683,0.09375,0.0,0.1765364354697103,0.06857458730964155,0.014120558881778992,0.1431994055843855,0.00046169472744621255,97467,0.0001949377738106231,2015,static_baseline,2024-04-01
0.10351580956875243,-0.0001734348162434269,0.20749398124807078,0.08010421785781761,0.06896551724137931,0.0,0.15066308243727602,0.02791078468194954,0.011868500648961718,0.07031669397102402,0.0007514633760480937,101136,0.00010876443600696093,2015,static_baseline,2024-05-01
0.15477980128820829,0.03885786930858525,0.27041187820623114,0.13307955417451572,0.12345679012345678,0.026641025641025644,0.21972059277554806,0.046391010701521906,0.015468769463350756,0.10891100566797861,0.0006595502881727413,98552,0.00016235084016559786,2015,static_baseline,2024-06-01
0.02884135038266428,-0.0003989184266703439,0.08396132020735496,0.03640859916964199,0.01818181818181818,0.0,0.0540915915915916,0.0172317367978166,0.011066289105819152,0.03299103316452401,0.000956564177647633,102450,0.0001171303074670571,2015,static_baseline,2024-07-01
0.02727042266815188,-0.00040161810268053304,0.09537643192639497,0.03120178644203164,0.02040816326530612,0.0,0.06382978723404255,0.018978326683554564,0.011170948539680627,0.03769312346193331,0.0007932208636433988,103376,0.00015477480266212662,2015,static_baseline,2024-08-01
0.07895721800116666,-0.00023927619294732957,0.1969975460811467,0.07894440017390018,0.057971014492753624,0.0,0.14957644211375562,0.04535455710128915,0.01819418401704261,0.11117634096486768,0.0005753568700586269,100807,0.00010911940639042924,2015,static_baseline,2024-09-01
0.12647039601727603,-0.00011961699407783109,0.24755695015689283,0.1326211091567977,0.0967741935483871,0.0,0.19370967741935488,0.030911864258128224,0.011285619429876107,0.08935288392960922,0.0004895044487316076,104187,0.00010557939090289576,2015,static_baseline,2024-10-01
0.10084950928057239,-0.00019424312545262247,0.21585752142657744,0.10779739487772445,0.07017543859649122,0.0,0.16142473118279574,0.024124460721526166,0.004242552364017095,0.07287981929747327,0.0004798652460043873,102112,0.00007834534628643058,2015,static_baseline,2024-11-01
0.09178594562031271,-0.00027810294556878084,0.17869972934143855,0.09443680632785482,0.07792207792207792,0.0,0.16470588235294117,0.03809257217108174,0.014170838882947812,0.09966275207252447,0.0005513606459330143,107008,0.0001682117224880383,2015,static_baseline,2024-12-01
0.0820849063154879,-0.00028329028937884517,0.16463339251491674,0.0892870004495007,0.06315789473684211,0.0,0.13468137254901963,0.038681385683338405,0.018514777287095878,0.08136671429931863,0.0007205076807966229,108257,0.00015703372530182806,2015,static_baseline,2025-01-01
0.1923861395884518,0.10207057188899787,0.30760995705280814,0.15187388374540683,0.16279069767441862,0.07592563291139241,0.26510040160642573,0.07317425839676844,0.033422108725860905,0.13609098087730903,0.0006645454911595312,99316,0.0002013774215634943,2015,static_baseline,2025-02-01
0.0734562328483132,-0.0002800597508538172,0.17698836959161798,0.05729989639890925,0.05660377358490566,0.0,0.13343137254901963,0.04558227703330863,0.026420004467828457,0.088608635620907,0.0007847523520020205,110863,0.00017138269756365965,2015,static_baseline,2025-03-01
0.1460426749587014,0.036294910050224026,0.2728170127000834,0.16698353620583944,0.13114754098360656,0.032773664727657324,0.24625000000000002,0.04227602739019066,0.015742364725875306,0.1143437577081455,0.0004070568861998464,108093,0.00015727197875903156,2015,static_baseline,2025-04-01
0.10570987378311202,-0.0001687727239577424,0.24248363733410425,0.11416254601661191,0.06896551724137931,0.0,0.16673728813559321,0.029324392711147666,0.006734078790206977,0.09799013366511278,0.00045543440405068717,111981,0.0000625106044775453,2015,static_baseline,2025-05-01
-0.0002618913813665721,-0.0003238926936765162,-0.00020085514245890047,-0.00031346390231686054,0.0,0.0,0.0,0.018869593639748085,0.00868516828768206,0.041505646444306,0.0004444928246158312,110238,0.00015421179629528838,2015,static_baseline,2025-06-01
0.176544361111338,0.035819477048496154,0.2884745430907286,0.17652287424557656,0.14634146341463414,0.026307245386192755,0.23861344537815138,0.05759695407872295,0.012682265164289934,0.13057057968838962,0.00055685585264202,114931,0.00015661570855556812,2015,static_baseline,2025-07-01
0.09291141194885907,-0.00019343945537653905,0.18097640071063162,0.09891276173508877,0.07692307692307693,0.0,0.15194741966893868,0.03881508673965764,0.016845322460785274,0.09682566575475497,0.0005316969850166046,114727,0.00014817784828331606,2015,static_baseline,2025-08-01
0.052061437126957884,-0.0003583171241376882,0.14319482378010748,0.02912019690653147,0.04040404040404041,0.0,0.11124595469255666,0.023585975704250153,0.010676663948984024,0.05997007817144963,0.000720775233807028,112379,0.00016017227417933956,2015,static_baseline,2025-09-01
0.05300295616081275,-0.0003441417717664736,0.13896268265255063,0.057044977736763494,0.046511627906976744,0.0,0.12638370118845502,0.02065528810554461,0.009447884058817947,0.05234070989480289,0.0005397291234461705,118578,0.00018553188618462108,2015,static_baseline,2025-10-01
0.12108231790339401,-0.0001740865119885396,0.25580517389629076,0.16243186772451745,0.11538461538461539,0.0,0.24012244897959187,0.03014754280340627,0.00312995177200135,0.1009462696193928,0.00029211127721360207,116394,0.00015464714676014229,2015,static_baseline,2025-11-01
0.04397135665335037,-0.0002080997639241365,0.11967283349370382,0.08637770836071054,0.043478260869565216,0.0,0.11544117647058826,0.007353098476863936,0.0012073367249885295,0.02734526233289868,0.0001578099303975149,120398,0.00022425621688067907,2015,static_baseline,2025-12-01
0.11506935717065961,0.06505392858549765,0.18011334774486043,0.13267416349638536,0.08849557522123894,0.04883268824771288,0.14154312668463612,0.018311846227846942,0.010077231871168152,0.03896986847455284,0.000472561876070648,84645,0.002197412723728513,2018,incremental_online,2023-01-01
0.10005992931009108,0.053056994924302596,0.14521158940431705,0.10411852166816765,0.06567164179104477,0.034851964041430525,0.09527649769585254,0.047340152609861214,0.012007628677144106,0.10523948769695635,0.0005239785692765166,76339,0.00386434194841431,2018,incremental_online,2023-02-01
0.13921643929816663,0.09061603990406573,0.1907440065090393,0.09716133591937938,0.10294117647058823,0.06902947919320103,0.14175162994060633,0.03753784456493402,0.021424339592291387,0.07681361928537177,0.0007665275124413312,84798,0.004044906719498102,2018,incremental_online,2023-03-01
0.08592826100482336,0.05524690055949711,0.11356354052870618,0.04990208724391558,0.0530565167243368,0.03497304705216613,0.06969545860054874,0.027360857884101038,0.016208076081853214,0.06429738350991432,0.0010926462367230776,78708,0.009922752452101438,2018,incremental_online,2023-04-01
0.07834647172609636,0.05392155845758935,0.10551888589276015,0.059621797657912416,0.03963666391412056,0.028090403449010006,0.0527320486176209,0.019621204092335344,0.010932811046844125,0.0423745240175831,0.0008922260460481338,86301,0.013140056314527063,2018,incremental_online,2023-05-01
0.15094978276985288,0.09902740150482518,0.19323093557635374,0.11943354010239604,0.10229276895943562,0.0680703846736332,0.1309837865770945,0.08235730774005104,0.03967000782200936,0.1483381950505643,0.0008747124233128835,83456,0.005919286809815951,2018,incremental_online,2023-06-01
0.04998323756208667,0.02380393143117452,0.08504901099677213,0.05255073879016121,0.029143897996357013,0.014278834125594195,0.05003205128205129,0.02103596839362179,0.005072368064312036,0.07207109258291725,0.0005450643289463225,88063,0.005689108933377241,2018,incremental_online,2023-07-01
0.10438243344706055,0.06726301520509075,0.14738312475656185,0.09215171336072635,0.0728051391862955,0.047708779719093646,0.10246006999681832,0.05688938388689912,0.02274829406843173,0.11546039128865995,0.0006913388208352237,92574,0.0043532741374467995,2018,incremental_online,2023-08-01
0.0937581693490301,0.055479595993194686,0.1370074294366393,0.09519654124761363,0.05758157389635317,0.034474579598246416,0.08190003310162199,0.05574945217249283,0.014857522739052267,0.133874696958673,0.0005912605004518123,89639,0.005220941777574493,2018,incremental_online,2023-09-01
0.15183016903665184,0.10853381778577433,0.1919557849497764,0.14135115448877808,0.10016155088852989,0.07270703611457036,0.1264310731543321,0.07751548939710695,0.04016975056428905,0.16112628010071509,0.0007950895270807493,94329,0.005767049369759035,2018,incremental_online,2023-10-01
0.10127807626224654,0.06420417323770615,0.13635077254835862,0.10216851290387519,0.06125574272588055,0.038946435872972605,0.0815536379625278,0.04459076189534578,0.014350786937198387,0.11693307075661946,0.0006885348194209853,92951,0.006336672009983755,2018,incremental_online,2023-11-01
0.042730315817450557,0.013069522319888765,0.07580144499280905,0.05179809225999345,0.023809523809523808,0.007735828001785449,0.042012190387452464,0.008709250752034978,0.002950977776142278,0.027007555508205185,0.0004180558313562776,95681,0.00484944764373282,2018,incremental_online,2023-12-01
0.09731077876641592,0.051797443901657914,0.1461841235106476,0.0814626750065115,0.07894736842105263,0.04288972296693477,0.11852051512428871,0.03207119467811632,0.01894076010071733,0.06338511417869432,0.0007818527853505478,97205,0.0031274111414021913,2018,incremental_online,2024-01-01
0.07158517625955461,0.030742129149339235,0.12458542761963633,0.05714192957085429,0.05660377358490566,0.02476210374366085,0.09942151891356298,0.03970809065374236,0.014799217503302015,0.10304755926515519,0.0006417438028214973,91937,0.002817146524250302,2018,incremental_online,2024-02-01
0.07734645234194827,0.04110836135178656,0.11736212099686472,0.08395051315407887,0.04899777282850779,0.026330209226463258,0.0730647732640529,0.01277501993358271,0.006338224857433255,0.025961953180326788,0.0004894958193061147,100103,0.003995884239233589,2018,incremental_online,2024-03-01
0.12245416024735609,0.07077573381294741,0.17696346564752072,0.14201056548146146,0.08042895442359249,0.04584417856908506,0.11828032712403454,0.06694593327138224,0.018704674482540748,0.15376970864768083,0.00046169472744621255,97467,0.0033652415689412827,2018,incremental_online,2024-04-01
0.07772276381130275,0.040526536742841957,0.11413654171910748,0.07197996883319388,0.0633245382585752,0.03466730162900683,0.09254743876214425,0.05475096686606581,0.015116557905728438,0.09914011369844829,0.0007514633760480937,101136,0.002995965828191742,2018,incremental_online,2024-05-01
0.11651944242961741,0.08530043441826869,0.1529430369856639,0.11173268104974471,0.06640106241699867,0.048606545797033204,0.08541570140183392,0.03793059799364693,0.019545965126911695,0.08862048670967296,0.0006595502881727413,98552,0.006981086127120708,2018,incremental_online,2024-06-01
0.09329772991989571,0.048230423412595216,0.13274745008195352,0.08098652854415546,0.07509881422924901,0.039646301876242546,0.1058927744326077,0.03986971249156253,0.020086601021535186,0.09215701684786726,0.000956564177647633,102450,0.003982430453879942,2018,incremental_online,2024-07-01
0.08025095426271484,0.05873787127991903,0.11608682083615836,0.0709701453042307,0.04631578947368421,0.0346024104418068,0.06554262686132513,0.026556158787602823,0.011189815837470155,0.062252439137258815,0.0007932208636433988,103376,0.008396533044420368,2018,incremental_online,2024-08-01
0.10546086982138478,0.06235396505112195,0.1432925298664738,0.10821622489267804,0.06868686868686869,0.04148523811963185,0.09390112189386847,0.030664503398649533,0.013263162797722827,0.06133295255342859,0.0005753568700586269,100807,0.004335016417510689,2018,incremental_online,2024-09-01
0.07044523328725755,0.04002475603635132,0.09985616066626857,0.07873662984445773,0.04013377926421405,0.023019763585793752,0.05623496657846225,0.03236249418075274,0.008062819493918521,0.09687474830850572,0.0004895044487316076,104187,0.005250175165807634,2018,incremental_online,2024-10-01
0.05458698606408524,0.02334632980204709,0.09715043020793433,0.061364704722093745,0.03125,0.013852645734191963,0.05443108750349455,0.013433659699749452,0.007543365243039382,0.035337919568559445,0.0004798652460043873,102112,0.005160999686618615,2018,incremental_online,2024-11-01
0.11341163893126183,0.07861968928381753,0.15254109635027485,0.11858123318722374,0.06968641114982578,0.048125647642074894,0.0942657691348791,0.03494960904840709,0.018676566970679608,0.09148744722648132,0.0005513606459330143,107008,0.0048127242822966505,2018,incremental_online,2024-12-01
0.10253988773824944,0.05356690044576993,0.14857691432315293,0.11166048839288438,0.09285714285714286,0.049762995620101426,0.13480763625765085,0.04640215020097425,0.023294077466116784,0.10101232182655584,0.0007205076807966229,108257,0.0018659301477040745,2018,incremental_online,2025-01-01
0.12447918228453163,0.0892608678505361,0.1570399041862779,0.11141125466178108,0.07105263157894737,0.05029843383894438,0.0892010534818754,0.0371108963053922,0.023065673131591864,0.06130561084096394,0.0006645454911595312,99316,0.006987796528253252,2018,incremental_online,2025-02-01
0.06513252072423209,0.021641069800337615,0.10930103143989955,0.06629439966072814,0.06020066889632107,0.02097902097902098,0.10010736196319021,0.03265618822972495,0.013507786824682677,0.07221549611791801,0.0007847523520020205,110863,0.0019122700991313602,2018,incremental_online,2025-03-01
0.04008320262073565,0.012718167251896685,0.0757125683811033,0.0483298085605911,0.022944550669216062,0.007886106141920096,0.04317670970827356,0.03586320163788747,0.006342512395643325,0.10918884318176775,0.0004070568861998464,108093,0.0044313692838574194,2018,incremental_online,2025-04-01
0.08814125861659845,0.04392140599959585,0.13950469094734785,0.10364133886903122,0.059113300492610835,0.030069576927393107,0.09453974471533734,0.04280060199268992,0.013399130173759823,0.13181915860840002,0.00045543440405068717,111981,0.0031701806556469403,2018,incremental_online,2025-05-01
0.07942226346180757,0.04335108664523105,0.12344587800619482,0.09368285463456619,0.05116279069767442,0.028561368209255533,0.07909774023694603,0.03706325059594134,0.017400102599327037,0.10135670817592606,0.0004444928246158312,110238,0.003456158493441463,2018,incremental_online,2025-06-01
0.12110918841643499,0.0704117525560455,0.15677268537597175,0.12676409668661318,0.0773286467486819,0.04513304188255613,0.09827307955750306,0.04589088176334371,0.019445970500028435,0.09213351594403839,0.00055685585264202,114931,0.004393940712253439,2018,incremental_online,2025-07-01
0.07472946471035802,0.046615405388923,0.10743738096897999,0.07962703515612679,0.038946162657502864,0.024290585609329143,0.054754173838155416,0.01555546620936054,0.007032067581858508,0.04468072405753787,0.0005316969850166046,114727,0.007077671341532508,2018,incremental_online,2025-08-01
0.047640333635654196,0.02218657299575861,0.08486198282225121,0.05224689852922623,0.03902439024390244,0.01842483891819755,0.0687960687960688,0.016209166652452034,0.008268939234086801,0.042039898896039665,0.000720775233807028,112379,0.002927593233611262,2018,incremental_online,2025-09-01
0.08132301815070941,0.048038302063886616,0.1303637761804469,0.08473697738894725,0.05752212389380531,0.03366515053064761,0.09052287581699346,0.01795697371390783,0.010629603325882588,0.04194174358457441,0.0005397291234461705,118578,0.0032721078108924086,2018,incremental_online,2025-10-01
0.022409900548233656,-0.0010910970138610122,0.052476223224581044,0.03321536858275576,0.011650485436893204,0.0,0.0260271779235064,0.00367240135105264,0.0018550635358868424,0.009883083043943518,0.00029211127721360207,116394,0.004132515421757135,2018,incremental_online,2025-11-01
0.08281150861552694,0.04013191671597881,0.14216401082530794,0.15289086804570348,0.0410958904109589,0.019668927217386663,0.07119357894467346,0.01383886566821085,0.005806288080543678,0.03458263824518241,0.0001578099303975149,120398,0.0022674795262379774,2018,incremental_online,2025-12-01
0.09118083881237754,-0.0001494760399279917,0.23712879662223035,0.09115030094789038,0.046511627906976744,0.0,0.1364429175475687,0.08472470472753955,0.022763052533794164,0.2214684625790571,0.000472561876070648,84645,0.0000354421407052986,2018,static_baseline,2023-01-01
0.1497870668660007,-0.00021926346445721713,0.2795244381039522,0.15788415637112782,0.12,0.0,0.2308823529411765,0.03763014291187964,0.008417639683702738,0.09848880711047707,0.0005239785692765166,76339,0.00013099464231912915,2018,static_baseline,2023-02-01
0.2342515303752107,0.08760267405598404,0.3582891013636088,0.13855070731533048,0.1388888888888889,0.029850746268656716,0.2631578947368421,0.10170253214352076,0.0462229106751042,0.19322028112968084,0.0007665275124413312,84798,0.00008254911672445105,2018,static_baseline,2023-03-01
0.15241717056885926,0.0,0.26400099199175275,0.14429444434424965,0.045454545454545456,0.0,0.13043478260869565,0.04821475392665274,0.009865293312344758,0.09798362930545215,0.0010926462367230776,78708,0.00002541037759821111,2018,static_baseline,2023-04-01
0.20372832159605173,0.0,0.32220029241191056,0.16003440243684158,0.0975609756097561,0.0,0.18823529411764706,0.10597834571586938,0.04502069639605136,0.183910123609438,0.0008922260460481338,86301,0.00005793675623689181,2018,static_baseline,2023-05-01
0.17676345265791407,0.04746443784874177,0.2866494036091514,0.12509545089998372,0.1,0.02530854430379747,0.19047619047619047,0.09264757568981219,0.036362423527986874,0.1663227693230551,0.0008747124233128835,83456,0.00008387653374233129,2018,static_baseline,2023-06-01
-0.00013630555606309913,-0.00019315461101276546,0.0,-0.00015213271662368587,0.0,0.0,0.0,0.005305071661261977,0.0013000421489314,0.03503835938581536,0.0005450643289463225,88063,0.000034066520559145156,2018,static_baseline,2023-07-01
0.11165177927939,-0.0001728982152665107,0.2208794366787792,0.06667523605633928,0.057971014492753624,0.0,0.13518141429100336,0.03812627399236298,0.013228135707512304,0.09886905573382825,0.0006913388208352237,92574,0.00005401084537775185,2018,static_baseline,2023-08-01
0.12271712497917087,-0.0001816629972095897,0.24561591295555132,0.12271302590273465,0.06896551724137931,0.0,0.16135642517186674,0.041119720446405605,0.009217909668314199,0.1139284438411759,0.0005912605004518123,89639,0.00005577929249545399,2018,static_baseline,2023-09-01
0.1307446668065162,-0.00015908368960959972,0.2554954940246195,0.05907530515280547,0.07317073170731707,0.0,0.14634146341463414,0.11056272989587157,0.060057570845861386,0.1984878256654112,0.0007950895270807493,94329,0.00007420835586086994,2018,static_baseline,2023-10-01
-0.00012176014473658532,-0.00019252279973499279,0.0,-0.00011491294383203079,0.0,0.0,0.0,0.048239533068987636,0.014743538004027392,0.12120688434223706,0.0006885348194209853,92951,0.00002151671310690579,2018,static_baseline,2023-11-01
-0.00009350064903224651,-0.00014783982458835355,0.0,-0.00009621656864768618,0.0,0.0,0.0,0.014419712996263576,0.001693847056587975,0.056733400018977975,0.0004180558313562776,95681,0.00002090279156781388,2018,static_baseline,2023-12-01
0.19099424213827246,0.07214105604710591,0.30649438325929773,0.18395479620066996,0.11764705882352941,0.02595758671708039,0.21984126984126984,0.0810628920165335,0.028749558700420536,0.15095926201168566,0.0007818527853505478,97205,0.00009258782984414381,2018,static_baseline,2024-01-01
0.11629816737710516,-0.0001671531321134436,0.2331111667514354,0.11938045796790954,0.0625,0.0,0.14931026684758028,0.026205442272523548,0.0033124987950495714,0.08904859096831991,0.0006417438028214973,91937,0.00005438506803572011,2018,static_baseline,2024-02-01
0.1008461819804552,-0.00019784251021619324,0.23795439469397148,0.10779739487772445,0.07017543859649122,0.0,0.1724137931034483,0.020663146914756653,0.005689258048540026,0.07429289532199891,0.0004894958193061147,100103,0.00007991768478467178,2018,static_baseline,2024-03-01
0.09920180510328101,-0.00020681270169462096,0.22484407508840867,0.11248684318283804,0.07407407407407407,0.0,0.17865259740259742,0.058336822300550914,0.018348466956212554,0.12009744819939788,0.00046169472744621255,97467,0.00009233894548924252,2018,static_baseline,2024-04-01
0.051126648177271514,-0.00022815411849748084,0.12989174209406582,0.05664083521832022,0.024691358024691357,0.0,0.0714500860585198,0.016195938549554915,0.005733286221986091,0.0429867820148531,0.0007514633760480937,101136,0.00004943838000316406,2018,static_baseline,2024-05-01
0.04111492779204833,-0.00028349902397127586,0.13152566981272942,0.04281233250471128,0.02702702702702703,0.0,0.08270108886547253,0.03514189142322537,0.013819522143215203,0.08873632378736074,0.0006595502881727413,98552,0.0000913223475931488,2018,static_baseline,2024-06-01
0.05033943654301952,-0.00023680847040688987,0.15140501246714794,0.06336671597084402,0.0196078431372549,0.0,0.07547169811320754,0.03196043378942786,0.011442721413219104,0.07850458568585383,0.000956564177647633,102450,0.00003904343582235237,2018,static_baseline,2024-07-01
0.0733905343602332,-0.0002771280737875741,0.16626606318545697,0.08379090932126504,0.04395604395604396,0.0,0.10531975099037919,0.031032261572447976,0.009802356666044752,0.08227090021384517,0.0007932208636433988,103376,0.00008706082649744622,2018,static_baseline,2024-08-01
0.14873557557042263,-0.00015114260100024238,0.2976710969835405,0.16067515272453575,0.09230769230769231,0.0,0.19740057995029,0.0852470602987301,0.02621618810322502,0.17698379484082974,0.0005753568700586269,100807,0.00006943962224845496,2018,static_baseline,2024-09-01
0.09894298689199965,-0.00009750579156054539,0.24267784769980277,0.09892555976860348,0.03773584905660377,0.0,0.11190476190476208,0.029140705844560487,0.002899294908878376,0.08607837880585464,0.0004895044487316076,104187,0.000019196252891435593,2018,static_baseline,2024-10-01
0.24738008858015118,0.0,0.3778867288210765,0.24736516223025143,0.11538461538461539,0.0,0.25,0.0855991911692556,0.011593276380478308,0.18470074163102015,0.0004798652460043873,102112,0.00002937950485741147,2018,static_baseline,2024-11-01
0.18396949497837692,0.05298966883400818,0.32216700212389343,0.18395446258937495,0.11940298507462686,0.03076923076923077,0.22865424430641823,0.09522776536011793,0.03515914034073307,0.1932692999580186,0.0005513606459330143,107008,0.00007476076555023923,2018,static_baseline,2024-12-01
-0.00024484268548292877,-0.0003160993083132474,-0.00016322468733923683,-0.00022523499812176757,0.0,0.0,0.0,0.045806957061637385,0.02565471231646636,0.09288603403069227,0.0007205076807966229,108257,0.00008313550163037956,2018,static_baseline,2025-01-01
0.0463248153926061,-0.0002587730028717098,0.1394074496923222,0.04860503827796328,0.0273972602739726,0.0,0.08110884857460202,0.05411285555744211,0.023891308011372805,0.12387658474036758,0.0006645454911595312,99316,0.000070482097547223,2018,static_baseline,2025-02-01
0.08010912076412677,-0.00025348888797968724,0.1826756289667709,0.09136590793082298,0.05825242718446602,0.0,0.1359556443936798,0.04143539181694397,0.02026562231944983,0.1040837481735876,0.0007847523520020205,110863,0.00014432227163255548,2018,static_baseline,2025-03-01
0.0868487473732791,-0.0002126336079027505,0.1884060934247792,0.09509174463121474,0.07142857142857142,0.0,0.15892857142857147,0.03576063220440632,0.011801128030025565,0.0867825777466312,0.0004070568861998464,108093,0.00011101551441813994,2018,static_baseline,2025-04-01
0.12108095601566905,-0.00018042643688754822,0.26555512899139255,0.13982249468469987,0.09523809523809523,0.0,0.21547945205479455,0.04923587962061149,0.017991387383095088,0.12076510856499648,0.00045543440405068717,111981,0.00010716103624722052,2018,static_baseline,2025-05-01
0.026195220461697435,-0.0003812722692452849,0.08091708485385628,0.03006287117145742,0.02564102564102564,0.0,0.07808670203036404,0.02580066462890626,0.011349784198800164,0.05687483697063885,0.0004444928246158312,110238,0.0002630671819154919,2018,static_baseline,2025-06-01
0.13437195741550012,0.04310591118255705,0.2311286877664802,0.14400472408559795,0.12631578947368421,0.04121628657711132,0.21528966425279794,0.027434248125246308,0.008659181370485151,0.06470667164399502,0.00055685585264202,114931,0.0002697270536234784,2018,static_baseline,2025-07-01
-0.00031942415298854724,-0.00038525681717384546,-0.00024553366725277884,-0.0003305889130266374,0.0,0.0,0.0,0.02096383943546455,0.008558794173356105,0.04689453808073284,0.0005316969850166046,114727,0.00019175956836664428,2018,static_baseline,2025-08-01
-0.0003492427777848246,-0.00043148823548506363,-0.0002775413705439024,-0.0003200107045898143,0.0,0.0,0.0,0.017471670144789966,0.007692160284427966,0.037911735347453096,0.000720775233807028,112379,0.00016907073385596954,2018,static_baseline,2025-09-01
0.08946285335593294,0.021030017138539178,0.1673488875768721,0.09247904679757982,0.08421052631578947,0.020393008688623964,0.15857915688476068,0.03319451521932839,0.013874565624833836,0.08472927946461624,0.0005397291234461705,118578,0.00026143129416923884,2018,static_baseline,2025-10-01
0.04139703219077659,-0.0002403140358564588,0.14263137842035234,0.05687508819912814,0.0392156862745098,0.0,0.12772895467160036,0.013396447162568362,0.0020649438932656863,0.049109769469741785,0.00029211127721360207,116394,0.00014605563860680104,2018,static_baseline,2025-11-01
-0.0001492955703292202,-0.00018472777222700528,-0.00010862487408543509,-0.0003693966306101126,0.0,0.0,0.0,0.00975461053089267,0.0016324370297891545,0.033604286926706216,0.0001578099303975149,120398,0.00014119835877672386,2018,static_baseline,2025-12-01
0.10353657998963332,0.0514446017881498,0.16840171625515096,0.11918352494889767,0.0855614973262032,0.042945584881068755,0.13835801347161342,0.019039523935419994,0.007151055723586618,0.06011855012090968,0.000472561876070648,84645,0.0017366648945596314,2021,incremental_online,2023-01-01
0.09703804168356775,0.054785206585512024,0.14682516746772795,0.10172743553512253,0.05825242718446602,0.03322964443031652,0.08719719578805113,0.021119196633456155,0.010682817683907891,0.043590827816010744,0.0005239785692765166,76339,0.004873000694271604,2021,incremental_online,2023-02-01
0.11615550686048796,0.06484695916340685,0.17537029423152864,0.08074478706364531,0.10236220472440945,0.0588173763229141,0.1538910505836576,0.04574958256754464,0.02033931110469225,0.1014593647444161,0.0007665275124413312,84798,0.002228826151560178,2021,incremental_online,2023-03-01
0.10925684633132314,0.07587745303074497,0.15242299440785065,0.08354628240813895,0.07917383820998279,0.055926670015067806,0.10874822230670667,0.02647420519399385,0.01729381057806646,0.04921318936341907,0.0010926462367230776,78708,0.00628906845555725,2021,incremental_online,2023-04-01
0.1105218266871833,0.08234882591391375,0.13655286162155741,0.09159234717402107,0.058823529411764705,0.04410273753418282,0.07192149612458223,0.04265965557507931,0.021659607658494406,0.08093981870206918,0.0008922260460481338,86301,0.01132084216868866,2021,incremental_online,2023-05-01
0.14767054233527427,0.09741786658639524,0.18659312351464416,0.12730853627015015,0.10108303249097472,0.06685078513374891,0.12788843392507493,0.03942970920258339,0.021373107323498747,0.06601919605638748,0.0008747124233128835,83456,0.005763516104294478,2021,incremental_online,2023-06-01
0.061085735471571354,0.03178909685993802,0.0945760600529385,0.06396160827848334,0.03460207612456748,0.019418511883100526,0.053876327001244805,0.015579097086776163,0.0068262109882238665,0.05549636440056963,0.0005450643289463225,88063,0.006018418632115645,2021,incremental_online,2023-07-01
0.05936522814524568,0.030764997652973233,0.09387511735799832,0.051913691891829934,0.03859649122807018,0.02034200891724363,0.0609428981794185,0.02970071083658995,0.00994105496766778,0.07741208070644699,0.0006913388208352237,92574,0.005465897552228488,2021,incremental_online,2023-08-01
0.12111677384543111,0.09068321466879661,0.15644829896533927,0.12292302784238905,0.06201550387596899,0.046929225141427326,0.08046182729324791,0.14412689104742898,0.07004096033147465,0.28198944568086487,0.0005912605004518123,89639,0.008043373977844465,2021,incremental_online,2023-09-01
0.13556405808088892,0.1008118675373184,0.18155384919247658,0.12040170242974092,0.09386281588447654,0.06963280621817207,0.12528251668920984,0.10326897807186126,0.04503650967259702,0.18181374398471828,0.0007950895270807493,94329,0.0050779717796223854,2021,incremental_online,2023-10-01
0.13278495421773662,0.09057354978358836,0.17788956916854212,0.13534463336563932,0.08264462809917356,0.0571969696969697,0.10898050092452514,0.03827983509300048,0.022398334802502286,0.0797444954554008,0.0006885348194209853,92951,0.0058202708954180156,2021,incremental_online,2023-11-01
0.038833024625590934,0.005199794330116938,0.07157111360943948,0.04754925696995999,0.020168067226890758,0.003383667469961886,0.03717472118959108,0.00812893155189525,0.004135216871295539,0.0190576057593877,0.0004180558313562776,95681,0.005800524660068352,2021,incremental_online,2023-12-01
0.15502552886263646,0.10056321692008212,0.20909676604816582,0.12496606792680834,0.11538461538461539,0.07433302789476467,0.15591749782124528,0.08613427568635795,0.04306358163417604,0.15575881090852328,0.0007818527853505478,97205,0.0040327143665449304,2021,incremental_online,2024-01-01
0.11624616460895369,0.07534665745103543,0.15483274885168813,0.11347218593463636,0.072992700729927,0.04718348397381562,0.0957605674979082,0.041017269861767215,0.023430189694724792,0.09140486193583014,0.0006417438028214973,91937,0.005318859653893427,2021,incremental_online,2024-02-01
0.09500906617478667,0.051779635334842276,0.13654841729455278,0.1038377797943978,0.061611374407582936,0.0345615468409586,0.0871609722661605,0.043182354054255585,0.011159208874233852,0.10746778030230791,0.0004894958193061147,100103,0.003726162053085322,2021,incremental_online,2024-03-01
0.08979281424442505,0.0568277652332491,0.12400981874597414,0.10338903357527764,0.04171779141104295,0.026546822742474916,0.05783573132378189,0.04002798530812332,0.015594170418334236,0.0823454170559838,0.00046169472744621255,97467,0.007900109780746303,2021,incremental_online,2024-04-01
0.10557790895718383,0.07218279358044113,0.14237275175071443,0.08299033940500547,0.06548431105047749,0.04436960276338515,0.08851357474606353,0.020603550293623412,0.012901982979837356,0.03524994348926409,0.0007514633760480937,101136,0.006496203132415757,2021,incremental_online,2024-05-01
0.12738142179738204,0.09060816490769914,0.1686212439957913,0.12329704399050603,0.07097591888466413,0.051139295848299626,0.09328558840324298,0.03360768970918091,0.020546091543854884,0.06925761381459206,0.0006595502881727413,98552,0.007346375517493303,2021,incremental_online,2024-06-01
0.10102803090575445,0.06277004757528039,0.14292469118955348,0.0932272183850803,0.07787610619469026,0.048690947436729394,0.10935818199969143,0.02778458704133374,0.017640270913347505,0.046190557848552846,0.000956564177647633,102450,0.004558321132259639,2021,incremental_online,2024-07-01
0.09052235888935897,0.06186194440412962,0.1256923018570903,0.08570205481120854,0.055089820359281436,0.03794700574459861,0.07583083411162095,0.02016358099035604,0.011170208283338735,0.04831969044885765,0.0007932208636433988,103376,0.007284089150286333,2021,incremental_online,2024-08-01
0.0763431823530561,0.046223452823131554,0.11145336633105493,0.07842713088553471,0.04092071611253197,0.024901219193456635,0.05891013200534613,0.030772689174098297,0.013940300392486388,0.08155562509500026,0.0005753568700586269,100807,0.007182040929697342,2021,incremental_online,2024-09-01
0.08193193238570826,0.0434318440247481,0.13147826286054248,0.09164972655832469,0.05569620253164557,0.029610042735042738,0.09194063565031309,0.05643279732526711,0.009291574755415158,0.11859287524761594,0.0004895044487316076,104187,0.003301755497326922,2021,incremental_online,2024-10-01
0.04236441767286937,0.017434665651742325,0.07621581259280648,0.04739342177115012,0.02456140350877193,0.010692825154475538,0.04461801929743954,0.026859836451408485,0.004002906148296623,0.07339472824175787,0.0004798652460043873,102112,0.005102240676903792,2021,incremental_online,2024-11-01
0.14221054144796072,0.09992939147120657,0.18641391153480227,0.14844953817664353,0.09929078014184398,0.06944444444444445,0.13026141571889324,0.08036797548975998,0.04437374867536311,0.15762720578746386,0.0005513606459330143,107008,0.003401614832535885,2021,incremental_online,2024-12-01
0.1414823302172808,0.09436548623250163,0.1923079589310138,0.1325728108482832,0.11797752808988764,0.07928697120582039,0.1608710432585702,0.05638949374997519,0.03709449428958445,0.09564937605959677,0.0007205076807966229,108257,0.002567963272582835,2021,incremental_online,2025-01-01
0.1253722202895771,0.08650546358603141,0.16452305953821844,0.10679541635058115,0.08713692946058091,0.060866044710438306,0.1161303707669656,0.034574525096969504,0.019365692580182177,0.06532534191361457,0.0006645454911595312,99316,0.004188650368520681,2021,incremental_online,2025-02-01
0.133614336063786,0.08563784678562239,0.19022677830991308,0.11321962589360116,0.13043478260869565,0.08327702702702702,0.18588856781650714,0.07025220375033914,0.034345852907640695,0.11984913815064571,0.0007847523520020205,110863,0.0012898803027159647,2021,incremental_online,2025-03-01
0.06581643081504464,0.038330053862584514,0.09414989961112172,0.08276335831724872,0.03125,0.01876177811279965,0.044260297804287696,0.011823819670570017,0.007547927872674137,0.02576363055355393,0.0004070568861998464,108093,0.006697936036561109,2021,incremental_online,2025-04-01
0.07191834278724293,0.03562795452782639,0.11126602865388767,0.08296627952480436,0.04152249134948097,0.021164021164021163,0.06386488076383548,0.020934564503478234,0.009611542094740308,0.06297576383342582,0.00045543440405068717,111981,0.004706155508523767,2021,incremental_online,2025-05-01
0.09367963093750015,0.05624567978036738,0.14023983321822128,0.10962799945814583,0.05668016194331984,0.03427668013770394,0.08404552238805972,0.015759076163375813,0.009235885078906422,0.03663336856801912,0.0004444928246158312,110238,0.004036720550082549,2021,incremental_online,2025-06-01
0.14527189172306026,0.09676954663770189,0.20197670773867427,0.1487296440405925,0.11960132890365449,0.08018394648829431,0.16613418530351437,0.05469196458408154,0.025578718194771935,0.12049351174838097,0.00055685585264202,114931,0.00206210682931498,2021,incremental_online,2025-07-01
0.07450523338094057,0.049669972810828855,0.10434258796947078,0.07947919925600223,0.04071246819338423,0.027111080262287583,0.057159752205744326,0.024071411524398425,0.013952513218764171,0.05246118013629189,0.0005316969850166046,114727,0.0063193494120825965,2021,incremental_online,2025-08-01
0.027901240919103246,0.004333329750823907,0.055642442700274956,0.030715716804245344,0.022779043280182234,0.004523371848739496,0.04349505710720799,0.004806691989505117,0.002714998036256645,0.014370562144071494,0.000720775233807028,112379,0.003185648564233531,2021,incremental_online,2025-09-01
0.07457612841735745,0.041694484857983445,0.11473634511782595,0.07866863541474561,0.047058823529411764,0.02662119059596133,0.0728223891135503,0.018439778606382243,0.009051165609852635,0.043655947452371,0.0005397291234461705,118578,0.004478065071092445,2021,incremental_online,2025-10-01
0.05603744282184549,0.024557742421945316,0.08699972739238747,0.08047030233931853,0.023622047244094488,0.010805441202792197,0.03637653052363449,0.013726167144486448,0.004311469645496891,0.07189042860314694,0.00029211127721360207,116394,0.006254617935632421,2021,incremental_online,2025-11-01
0.0889501680419097,0.02940528278226777,0.15222423060285176,0.1579730361857881,0.046875,0.015746487571406516,0.08164101706256273,0.01577910821178993,0.004555672666875491,0.048306115629872484,0.0001578099303975149,120398,0.0019684712370637387,2021,incremental_online,2025-12-01
0.2446484622243102,0.17705263801886814,0.3190441156264726,0.27822373479601925,0.2,0.14431139307427965,0.2628646616541353,0.20635723031872302,0.10948174885107456,0.33992711020206207,0.000472561876070648,84645,0.00177210703526493,2021,static_baseline,2023-01-01
0.21514360509406671,0.13926803815670907,0.2859389781173347,0.2247314727543984,0.17435897435897435,0.11163554230894612,0.23530920060331825,0.182650274705475,0.08655211378471597,0.3210776371854953,0.0005239785692765166,76339,0.002030416955946502,2021,static_baseline,2023-02-01
0.22092369895242833,0.15314589412913493,0.29457956522442613,0.17835358936576565,0.19591836734693877,0.13137729895132758,0.25985052173356377,0.16668374457701363,0.08500349752508203,0.26270103111478255,0.0007665275124413312,84798,0.0021226915729144554,2021,static_baseline,2023-03-01
0.1622065144951325,0.10120542371266075,0.2270006064143696,0.1059105930665802,0.16037735849056603,0.10054469273743018,0.22355309389029868,0.13197414224799203,0.06487720230263715,0.2158937436679518,0.0010926462367230776,78708,0.0016008537886872999,2021,static_baseline,2023-04-01
0.2513438275700341,0.18393658609430436,0.3206426645131602,0.22949258563583852,0.24186046511627907,0.17752108502393435,0.3026268656716419,0.19259882142558107,0.11820426032852947,0.3037698411304099,0.0008922260460481338,86301,0.0015990544721382139,2021,static_baseline,2023-05-01
0.3296689172356247,0.25002941667457595,0.4007578382680057,0.3103963000778264,0.3119266055045872,0.23695174493752694,0.3727977371973005,0.2256948900679641,0.14730516534596966,0.32736851930395927,0.0008747124233128835,83456,0.0017374424846625766,2021,static_baseline,2023-06-01
0.15419120934209055,0.0941698118318835,0.22655044159214585,0.16289934734822323,0.13872832369942195,0.08588246199480906,0.20610034773969202,0.07520380096099274,0.037533445446418234,0.17543892748366327,0.0005450643289463225,88063,0.0014194383566310481,2021,static_baseline,2023-07-01
0.23317306175677485,0.15314747495747827,0.3044122100638964,0.218945176184508,0.21395348837209302,0.14138078902229845,0.27657215301954,0.1154349354251475,0.06370640305161633,0.21386895016758597,0.0006913388208352237,92574,0.001631127530408106,2021,static_baseline,2023-08-01
0.25222557243317356,0.1717349789583785,0.33258096936878184,0.2546812379031591,0.22009569377990432,0.14881086035055563,0.29127224919093847,0.12640978756718263,0.06920801009862501,0.2553721415218006,0.0005912605004518123,89639,0.0017403139258581645,2021,static_baseline,2023-09-01
0.2756540511565524,0.20772238876710264,0.3396997012233821,0.24803130101495036,0.25862068965517243,0.19553392330383482,0.31459896224056016,0.23556636910901327,0.1673136821296492,0.34062486342173737,0.0007950895270807493,94329,0.0016643874100223685,2021,static_baseline,2023-10-01
0.2627633345392945,0.1820295403507765,0.3301010910567726,0.2690193467406064,0.23684210526315788,0.16715191784959227,0.29787745499181667,0.1553605328463857,0.09090680622793544,0.258318647987199,0.0006885348194209853,92951,0.0017643704747662746,2021,static_baseline,2023-11-01
0.11510678057148688,0.058927927780355306,0.18584509863180765,0.1492350309030792,0.09424083769633508,0.047591362126245845,0.15390625000000002,0.033780909099850306,0.016618414145247607,0.07967467501177586,0.0004180558313562776,95681,0.001578160763369948,2021,static_baseline,2023-12-01
0.2012870683179807,0.1403802445971703,0.2571246979910691,0.15841789446660762,0.18050541516245489,0.12746539042571634,0.22849142753076465,0.15496411799366647,0.0802019934563569,0.25439101229905353,0.0007818527853505478,97205,0.002067794866519212,2021,static_baseline,2024-01-01
0.16545602430751197,0.10303008176992126,0.23186206675222293,0.15063535735489825,0.1440677966101695,0.08864710789766407,0.20445144356955383,0.08473315107580162,0.04255681000982123,0.15072374883891582,0.0006417438028214973,91937,0.001925231408464492,2021,static_baseline,2024-02-01
0.14429260862653112,0.08608088407424148,0.1985419818562841,0.16059535262982452,0.11235955056179775,0.06732396257665965,0.15691229560416226,0.09661191402431145,0.03945764109886058,0.18882994044243478,0.0004894958193061147,100103,0.0021777569103823063,2021,static_baseline,2024-03-01
0.23704836963221088,0.17285375031968908,0.29844459590347816,0.2661320437252316,0.18181818181818182,0.13329457364341085,0.22836902057203326,0.19173883150979704,0.09927928921605927,0.30229272469086516,0.00046169472744621255,97467,0.002134055629084716,2021,static_baseline,2024-04-01
0.1451935162478714,0.09246566869192308,0.2128734174483911,0.1335307242148672,0.13385826771653545,0.08524681457720752,0.19406191697761196,0.05762264074370238,0.03138508874318946,0.12676593090444926,0.0007514633760480937,101136,0.0017600063281126405,2021,static_baseline,2024-05-01
0.18218910051357662,0.12325121091184944,0.2483614526293806,0.18145780583804444,0.15331010452961671,0.10728170642009037,0.20670833333333336,0.10387769543981398,0.062166294181827765,0.19841125290792075,0.0006595502881727413,98552,0.0022526179072976703,2021,static_baseline,2024-06-01
0.1714791140985487,0.11776967762116403,0.23050583468950483,0.14951698106762884,0.16025641025641027,0.10903659233847912,0.21279272046032385,0.08017756846348832,0.050748342538970516,0.13905915420333534,0.000956564177647633,102450,0.0020888238164958515,2021,static_baseline,2024-07-01
0.1463482733171441,0.09326161344116948,0.209026421421723,0.14939498164730378,0.13636363636363635,0.0869394714407502,0.19157104151725238,0.10269908994855659,0.06117371580365058,0.18604413211268556,0.0007932208636433988,103376,0.0017605633802816902,2021,static_baseline,2024-08-01
0.2325207909465975,0.1641226480025073,0.30338266643376793,0.23610842302477208,0.1953125,0.14053142823193918,0.25584430746240777,0.25452610452704333,0.16116321457232247,0.3672829205761663,0.0005753568700586269,100807,0.0019641493150277262,2021,static_baseline,2024-09-01
0.1798303160406945,0.11727845321146557,0.2488380198137583,0.19911535532822863,0.1417910447761194,0.09471234079929731,0.19568511198945984,0.07632120994289264,0.035964888869560924,0.1502984265144116,0.0004895044487316076,104187,0.002082793438720762,2021,static_baseline,2024-10-01
0.1179899031347333,0.060980457972641934,0.16749419564053167,0.1309593747926853,0.08873720136518772,0.04538579747654481,0.1246164908916587,0.053828052786588663,0.026623727013205558,0.12273678383314506,0.0004798652460043873,102112,0.002389533061736133,2021,static_baseline,2024-11-01
0.18639294384057034,0.13970334983522925,0.25762176104506285,0.19176349332304135,0.15017064846416384,0.11180340557275542,0.20480296374008267,0.09803891219981072,0.04797912630147751,0.195620262056514,0.0005513606459330143,107008,0.0021867523923444977,2021,static_baseline,2024-12-01
0.2011572970629279,0.13807693319327674,0.26061322088015065,0.18900431601116766,0.1728395061728395,0.1199968454258675,0.22439191451794577,0.09568232117119299,0.05675582940015639,0.15846402707934779,0.0007205076807966229,108257,0.0022723703778970415,2021,static_baseline,2025-01-01
0.1783714488990727,0.12501450881907056,0.23364673696000093,0.16258935150142487,0.14965986394557823,0.10342701413728497,0.19587362991618312,0.11316044963919548,0.05920666851279655,0.20737338947894698,0.0006645454911595312,99316,0.002295702605823835,2021,static_baseline,2025-02-01
0.2032197872089074,0.1563465658183889,0.2599245690084712,0.18759314164869725,0.1791044776119403,0.1365052354755436,0.22678986710963456,0.1193245504756929,0.07791313384484803,0.20364588916713067,0.0007847523520020205,110863,0.0022369952103046104,2021,static_baseline,2025-03-01
0.14598203700648635,0.0873809341837171,0.2074421083490228,0.1731944485184636,0.11155378486055777,0.06917855806744695,0.15751156105486816,0.06815819878806913,0.03679863577000537,0.14583591235694196,0.0004070568861998464,108093,0.001915017623712914,2021,static_baseline,2025-04-01
0.1654375715742882,0.10666110407398785,0.23485478151521108,0.19245689530897722,0.12811387900355872,0.0829880058918426,0.1796953125,0.08139812023895383,0.04055926714736793,0.1857463331034839,0.00045543440405068717,111981,0.0020539198614050597,2021,static_baseline,2025-05-01
0.16919453268751178,0.10678684549257911,0.23179144968439674,0.18956391586036406,0.125,0.08261336181937982,0.1730968858131488,0.11503630967042183,0.050717616332124474,0.2238211321842529,0.0004444928246158312,110238,0.0023131769444293257,2021,static_baseline,2025-06-01
0.1687844810650144,0.11528951122891472,0.21661450024686252,0.1763210013472339,0.13105413105413105,0.09255050505050505,0.16862930096559228,0.11560574479815447,0.04710282375568142,0.1941559184072088,0.00055685585264202,114931,0.0024971504641915585,2021,static_baseline,2025-07-01
0.12396653793515183,0.07404852294540334,0.17818425005528862,0.13439033813924955,0.09696969696969697,0.06059090909090909,0.13961794019933557,0.06925582190283343,0.03513794067176424,0.1580417010539162,0.0005316969850166046,114727,0.0023446965404830596,2021,static_baseline,2025-08-01
0.14837458422086733,0.09921117845273028,0.19866376983768352,0.12915546971552544,0.12030075187969924,0.08119854111947306,0.16191184554074484,0.05304725178466801,0.029387876826529765,0.09356400526216682,0.000720775233807028,112379,0.002829710177168332,2021,static_baseline,2025-09-01
0.12557436593849874,0.08145720245757701,0.17922921073363898,0.1324505881355267,0.09473684210526316,0.060883400257595276,0.13343511450381682,0.10097613644771071,0.041918356091384855,0.19616571794788631,0.0005397291234461705,118578,0.0026649125470154665,2021,static_baseline,2025-10-01
0.06901305037719203,0.029185558477323514,0.11794589448327082,0.10112255916547533,0.04242424242424243,0.01828991130820399,0.07166892808683854,0.04943700701150519,0.006398149732358356,0.14347541930276433,0.00029211127721360207,116394,0.002543086413389006,2021,static_baseline,2025-11-01
0.08939262826253372,0.037870875109248345,0.13764492318871238,0.17636458153820955,0.04142011834319527,0.017691419776837244,0.0636961137265762,0.17368893530298865,0.05705089143828693,0.342155691104845,0.0001578099303975149,120398,0.0026495456735161713,2021,static_baseline,2025-12-01
